group_id	med_node	country	region	T0	T1	T2	T3	T4	T5	T6	UNDATED	TOTAL
Turkey_N	ANATOLIA	Turkey	OUTGROUP	0	1	65	0	0	0	0	0	66
Turkey_C	ANATOLIA	Turkey	OUTGROUP	0	51	14	0	0	0	0	0	65
Turkey_Catalhoyuk_MN	ANATOLIA	Turkey	OUTGROUP	0	0	46	0	0	0	0	0	46
Turkey_Medieval_Byzantine	ANATOLIA	Turkey	OUTGROUP	34	0	0	0	0	0	0	0	34
Turkey_Catalhoyuk_LN	ANATOLIA	Turkey	OUTGROUP	0	0	32	0	0	0	0	0	32
Turkey_MLBA	ANATOLIA	Turkey	OUTGROUP	0	31	0	0	0	0	0	0	31
Turkey_PPN	ANATOLIA	Turkey	OUTGROUP	0	0	29	0	0	0	0	0	29
Turkey_EBA	ANATOLIA	Turkey	OUTGROUP	0	26	0	0	0	0	0	0	26
Turkey_Ancient	ANATOLIA	Turkey	OUTGROUP	0	24	0	0	0	0	0	0	24
Turkey_Catalhoyuk_EN	ANATOLIA	Turkey	OUTGROUP	0	0	17	0	0	0	0	0	17
Turkey_BA	ANATOLIA	Turkey	OUTGROUP	0	13	0	0	0	0	0	0	13
Turkey_MBA	ANATOLIA	Turkey	OUTGROUP	0	13	0	0	0	0	0	0	13
Turkey_OttomanPeriod_ArabGraves	ANATOLIA	Turkey	OUTGROUP	12	0	0	0	0	0	0	0	12
Turkey_EarlyMedieval_Byzantine	ANATOLIA	Turkey	OUTGROUP	10	0	0	0	0	0	0	0	10
Turkey_Catalhoyuk_N	ANATOLIA	Turkey	OUTGROUP	0	0	10	0	0	0	0	0	10
Turkey_LateAntiquity_Byzantine	ANATOLIA	Turkey	OUTGROUP	9	0	0	0	0	0	0	0	9
Turkey_LateAntiquity_ImperialRoman	ANATOLIA	Turkey	OUTGROUP	7	0	0	0	0	0	0	0	7
Turkey_Ancient-1	ANATOLIA	Turkey	OUTGROUP	0	6	0	0	0	0	0	0	6
Turkey_IA	ANATOLIA	Turkey	OUTGROUP	0	6	0	0	0	0	0	0	6
Turkey_OttomanPeriod	ANATOLIA	Turkey	OUTGROUP	5	0	0	0	0	0	0	0	5
Turkey_ImperialRoman_Roman	ANATOLIA	Turkey	OUTGROUP	5	0	0	0	0	0	0	0	5
Turkey_Urartian	ANATOLIA	Turkey	OUTGROUP	0	5	0	0	0	0	0	0	5
Turkey_EBA-1	ANATOLIA	Turkey	OUTGROUP	0	5	0	0	0	0	0	0	5
Turkey_ImperialRoman	ANATOLIA	Turkey	OUTGROUP	4	0	0	0	0	0	0	0	4
Turkey_AssyrianColonyPeriod	ANATOLIA	Turkey	OUTGROUP	0	3	0	0	0	0	0	0	3
Turkey_Medieval_Byzantine-1	ANATOLIA	Turkey	OUTGROUP	3	0	0	0	0	0	0	0	3
Turkey_Ancient-2	ANATOLIA	Turkey	OUTGROUP	0	2	0	0	0	0	0	0	2
Turkey_OldHittitePeriod	ANATOLIA	Turkey	OUTGROUP	0	2	0	0	0	0	0	0	2
Turkey_EarlyMedieval_Byzantine-1	ANATOLIA	Turkey	OUTGROUP	2	0	0	0	0	0	0	0	2
Turkey_Medieval	ANATOLIA	Turkey	OUTGROUP	2	0	0	0	0	0	0	0	2
Turkey_Catalhoyuk_EarlyC_LN	ANATOLIA	Turkey	OUTGROUP	0	0	2	0	0	0	0	0	2
Turkey_Catalhoyuk_C	ANATOLIA	Turkey	OUTGROUP	0	0	2	0	0	0	0	0	2
Turkish	ANATOLIA	Turkey	OUTGROUP	2	0	0	0	0	0	0	0	2
Turkey_Ancient-3	ANATOLIA	Turkey	OUTGROUP	0	1	0	0	0	0	0	0	1
Turkey_Ancient_Persian	ANATOLIA	Turkey	OUTGROUP	0	1	0	0	0	0	0	0	1
Turkey_LateAntiquity_ImperialRoman-1	ANATOLIA	Turkey	OUTGROUP	1	0	0	0	0	0	0	0	1
Turkey_LateAntiquity_ImperialRoman-2	ANATOLIA	Turkey	OUTGROUP	1	0	0	0	0	0	0	0	1
Turkey_OttomanPeriod_Ottoman-1	ANATOLIA	Turkey	OUTGROUP	1	0	0	0	0	0	0	0	1
Turkey_OttomanPeriod_Ottoman-2	ANATOLIA	Turkey	OUTGROUP	1	0	0	0	0	0	0	0	1
Turkey_Epipaleolithic	ANATOLIA	Turkey	OUTGROUP	0	0	0	1	0	0	0	0	1
Turkey_OttomanPeriod_Modern	ANATOLIA	Turkey	OUTGROUP	1	0	0	0	0	0	0	0	1
Turkey_MLBA-o	ANATOLIA	Turkey	OUTGROUP	0	1	0	0	0	0	0	0	1
Turkey_N-o	ANATOLIA	Turkey	OUTGROUP	0	0	1	0	0	0	0	0	1
Turkey_EarlyMedieval_Byzantine-2	ANATOLIA	Turkey	OUTGROUP	1	0	0	0	0	0	0	0	1
Turkey_EarlyMedieval_Byzantine-3	ANATOLIA	Turkey	OUTGROUP	1	0	0	0	0	0	0	0	1
Turkey_Urartian-o	ANATOLIA	Turkey	OUTGROUP	0	1	0	0	0	0	0	0	1
Turkey	ANATOLIA	Turkey	OUTGROUP	0	1	0	0	0	0	0	0	1
Turkey_Roman_LateAntiquity	ANATOLIA	Turkey	OUTGROUP	1	0	0	0	0	0	0	0	1
Turkey_ImperialRoman-o	ANATOLIA	Turkey	OUTGROUP	1	0	0	0	0	0	0	0	1
Turkey_PPNA	ANATOLIA	Turkey	OUTGROUP	0	0	1	0	0	0	0	0	1
Turkey_PPN-o	ANATOLIA	Turkey	OUTGROUP	0	0	1	0	0	0	0	0	1
Turkey_LN	ANATOLIA	Turkey	OUTGROUP	0	0	1	0	0	0	0	0	1
Turkey_Hellenistic-o	ANATOLIA	Turkey	OUTGROUP	0	1	0	0	0	0	0	0	1
Romania_C_Bodrogkeresztur	BALKANS	Romania	EUROPE_CONTROL	0	57	24	0	0	0	0	0	81
Serbia_IronGates_Mesolithic	BALKANS	Serbia	EUROPE_CONTROL	0	0	72	0	0	0	0	0	72
Romania_C_Gumelnita	BALKANS	Romania	EUROPE_CONTROL	0	0	44	0	0	0	0	0	44
Croatia_C_Lasinja	BALKANS	Croatia	EUROPE_CONTROL	0	0	35	0	0	0	0	0	35
Croatia_MLBA	BALKANS	Croatia	EUROPE_CONTROL	0	30	0	0	0	0	0	0	30
Serbia_EBA_Maros	BALKANS	Serbia	EUROPE_CONTROL	0	29	0	0	0	0	0	0	29
Serbia_ImperialRoman	BALKANS	Serbia	EUROPE_CONTROL	26	0	0	0	0	0	0	0	26
Croatia_EIA	BALKANS	Croatia	EUROPE_CONTROL	1	23	0	0	0	0	0	0	24
Bulgaria_Varna_C	BALKANS	Bulgaria	EUROPE_CONTROL	0	0	24	0	0	0	0	0	24
Slovenia_EIA	BALKANS	Slovenia	EUROPE_CONTROL	0	23	0	0	0	0	0	0	23
Serbia_LateAntiquity_ImperialRoman	BALKANS	Serbia	EUROPE_CONTROL	20	0	0	0	0	0	0	0	20
Croatia_Roman_LateAntiquity	BALKANS	Croatia	EUROPE_CONTROL	19	0	0	0	0	0	0	0	19
Romania_EBA_Yamnaya	BALKANS	Romania	EUROPE_CONTROL	0	17	0	0	0	0	0	0	17
Croatia_MBA	BALKANS	Croatia	EUROPE_CONTROL	0	16	0	0	0	0	0	0	16
Bulgaria_Yunatsite_C	BALKANS	Bulgaria	EUROPE_CONTROL	0	0	16	0	0	0	0	0	16
NorthMacedonia_IA	BALKANS	North Macedonia	EUROPE_CONTROL	0	15	0	0	0	0	0	0	15
Croatia_MN	BALKANS	Croatia	EUROPE_CONTROL	0	0	15	0	0	0	0	0	15
Croatia_MN_Sopot	BALKANS	Croatia	EUROPE_CONTROL	0	0	13	0	0	0	0	0	13
Croatia_EarlyMedieval_Avar	BALKANS	Croatia	EUROPE_CONTROL	12	0	0	0	0	0	0	0	12
Bulgaria_Yunatsite_EBA	BALKANS	Bulgaria	EUROPE_CONTROL	0	12	0	0	0	0	0	0	12
Serbia_Roman_LateAntiquity	BALKANS	Serbia	EUROPE_CONTROL	11	0	0	0	0	0	0	0	11
Croatia_MBA_Cetina	BALKANS	Croatia	EUROPE_CONTROL	0	11	0	0	0	0	0	0	11
Bulgaria_KapitanAndreevo_EIA	BALKANS	Bulgaria	EUROPE_CONTROL	0	11	0	0	0	0	0	0	11
Serbia_EN_Starcevo	BALKANS	Serbia	EUROPE_CONTROL	0	0	9	0	0	0	0	0	9
Croatia_LateAntiquity	BALKANS	Croatia	EUROPE_CONTROL	9	0	0	0	0	0	0	0	9
Romania_IronGates_Mesolithic	BALKANS	Romania	EUROPE_CONTROL	0	0	8	0	0	0	0	0	8
Croatia_LateAntiquity_ImperialRoman_Roman	BALKANS	Croatia	EUROPE_CONTROL	8	0	0	0	0	0	0	0	8
Croatia_ImperialRoman	BALKANS	Croatia	EUROPE_CONTROL	8	0	0	0	0	0	0	0	8
Croatia_EarlyMedieval	BALKANS	Croatia	EUROPE_CONTROL	8	0	0	0	0	0	0	0	8
Romania_Eneolithic-oEEF	BALKANS	Romania	EUROPE_CONTROL	0	0	7	0	0	0	0	0	7
Croatia_Dalmatia_ImperialRoman	BALKANS	Croatia	EUROPE_CONTROL	7	0	0	0	0	0	0	0	7
Romania_BA_Arman	BALKANS	Romania	EUROPE_CONTROL	0	7	0	0	0	0	0	0	7
Montenegro_MLBA_Cetina	BALKANS	Montenegro	EUROPE_CONTROL	0	7	0	0	0	0	0	0	7
Serbia_EN	BALKANS	Serbia	EUROPE_CONTROL	0	0	6	0	0	0	0	0	6
Croatia_Dalmatia_LateAntiquity_Roman	BALKANS	Croatia	EUROPE_CONTROL	6	0	0	0	0	0	0	0	6
Serbia_ImperialRoman_Elite_Roman	BALKANS	Serbia	EUROPE_CONTROL	6	0	0	0	0	0	0	0	6
Albania_Cinamak_IA	BALKANS	Albania	EUROPE_CONTROL	1	5	0	0	0	0	0	0	6
Bulgaria_Dzhulyunitsa_N	BALKANS	Bulgaria	EUROPE_CONTROL	0	0	5	0	0	0	0	0	5
Croatia_VenetiaHistria_LateAntiquity_Roman	BALKANS	Croatia	EUROPE_CONTROL	5	0	0	0	0	0	0	0	5
Montenegro_DocleaBjelovine_Roman	BALKANS	Montenegro	EUROPE_CONTROL	5	0	0	0	0	0	0	0	5
Montenegro_MLBA	BALKANS	Montenegro	EUROPE_CONTROL	0	5	0	0	0	0	0	0	5
Serbia_EarlyMedieval_Byzantine_Slav	BALKANS	Serbia	EUROPE_CONTROL	5	0	0	0	0	0	0	0	5
Serbia_BA_Maros	BALKANS	Serbia	EUROPE_CONTROL	0	5	0	0	0	0	0	0	5
Albania_Barc_PostMedieval	BALKANS	Albania	EUROPE_CONTROL	5	0	0	0	0	0	0	0	5
Bulgaria_Smyadovo_C	BALKANS	Bulgaria	EUROPE_CONTROL	0	0	4	0	0	0	0	0	4
Croatia_N_Cardial	BALKANS	Croatia	EUROPE_CONTROL	0	0	4	0	0	0	0	0	4
NorthMacedonia_Classical_Hellenistic	BALKANS	North Macedonia	EUROPE_CONTROL	0	4	0	0	0	0	0	0	4
Bulgaria_MalakPreslavets_N	BALKANS	Bulgaria	EUROPE_CONTROL	0	0	4	0	0	0	0	0	4
Slovenia_VenetiaHistria_LateAntiquity_ImperialRoman	BALKANS	Slovenia	EUROPE_CONTROL	4	0	0	0	0	0	0	0	4
Serbia_Medieval	BALKANS	Serbia	EUROPE_CONTROL	4	0	0	0	0	0	0	0	4
Albania_Bardhoc_PostMedieval	BALKANS	Albania	EUROPE_CONTROL	4	0	0	0	0	0	0	0	4
Bulgaria_TellKran_EBA	BALKANS	Bulgaria	EUROPE_CONTROL	0	4	0	0	0	0	0	0	4
Romania_N_Boian	BALKANS	Romania	EUROPE_CONTROL	0	0	4	0	0	0	0	0	4
Bulgaria_Dzhulyunitsa_EBA-1	BALKANS	Bulgaria	EUROPE_CONTROL	0	3	0	0	0	0	0	0	3
Bulgaria_Dzhulyunitsa_EBA	BALKANS	Bulgaria	EUROPE_CONTROL	0	3	0	0	0	0	0	0	3
Bulgaria_MalakPreslavets_N-oHighEEF	BALKANS	Bulgaria	EUROPE_CONTROL	0	0	3	0	0	0	0	0	3
Romania_MLBA	BALKANS	Romania	EUROPE_CONTROL	0	3	0	0	0	0	0	0	3
Bulgaria_MalakPreslavets_N-oLowEEF	BALKANS	Bulgaria	EUROPE_CONTROL	0	0	3	0	0	0	0	0	3
Bulgaria_Yabalkovo_N	BALKANS	Bulgaria	EUROPE_CONTROL	0	0	3	0	0	0	0	0	3
Romania_N	BALKANS	Romania	EUROPE_CONTROL	0	0	3	0	0	0	0	0	3
Serbia_OttomanPeriod_Ottoman	BALKANS	Serbia	EUROPE_CONTROL	3	0	0	0	0	0	0	0	3
Romania_UP	BALKANS	Romania	EUROPE_CONTROL	0	0	0	0	3	0	0	0	3
Romania_EN	BALKANS	Romania	EUROPE_CONTROL	0	0	3	0	0	0	0	0	3
Croatia_LBA_EIA	BALKANS	Croatia	EUROPE_CONTROL	0	3	0	0	0	0	0	0	3
Croatia_Roman_LateAntiquity-oLevant	BALKANS	Croatia	EUROPE_CONTROL	3	0	0	0	0	0	0	0	3
Croatia_LateAntiquity_ImperialRoman	BALKANS	Croatia	EUROPE_CONTROL	3	0	0	0	0	0	0	0	3
Croatia_LateAntiquity-oEurope	BALKANS	Croatia	EUROPE_CONTROL	3	0	0	0	0	0	0	0	3
Serbia_MigrationPeriod_Gepids	BALKANS	Serbia	EUROPE_CONTROL	3	0	0	0	0	0	0	0	3
Croatia_EN_Starcevo	BALKANS	Croatia	EUROPE_CONTROL	0	0	3	0	0	0	0	0	3
Serbia_Medieval_Byzantine_Slav	BALKANS	Serbia	EUROPE_CONTROL	3	0	0	0	0	0	0	0	3
Slovenia_MBA	BALKANS	Slovenia	EUROPE_CONTROL	0	3	0	0	0	0	0	0	3
Croatia_MBA_Cetina-Dup	BALKANS	Croatia	EUROPE_CONTROL	0	3	0	0	0	0	0	0	3
Romania_EBA_Yamnaya-oSouth	BALKANS	Romania	EUROPE_CONTROL	0	3	0	0	0	0	0	0	3
Bulgaria_Krepost_N	BALKANS	Bulgaria	EUROPE_CONTROL	0	0	3	0	0	0	0	0	3
Bulgaria_Boyanovo_EBA	BALKANS	Bulgaria	EUROPE_CONTROL	0	3	0	0	0	0	0	0	3
Bulgaria_PetkoKaravelovo_C	BALKANS	Bulgaria	EUROPE_CONTROL	0	0	3	0	0	0	0	0	3
Bulgaria_Smyadovo_EBA	BALKANS	Bulgaria	EUROPE_CONTROL	0	2	0	0	0	0	0	0	2
Romania_Mesolithic	BALKANS	Romania	EUROPE_CONTROL	0	0	2	0	0	0	0	0	2
Croatia_MN_Starcevo	BALKANS	Croatia	EUROPE_CONTROL	0	0	2	0	0	0	0	0	2
Serbia_IronGates_N	BALKANS	Serbia	EUROPE_CONTROL	0	0	2	0	0	0	0	0	2
NorthMacedonia_BA	BALKANS	North Macedonia	EUROPE_CONTROL	0	2	0	0	0	0	0	0	2
NorthMacedonia_N	BALKANS	North Macedonia	EUROPE_CONTROL	0	1	1	0	0	0	0	0	2
Serbia_EBA_Yamnaya	BALKANS	Serbia	EUROPE_CONTROL	0	2	0	0	0	0	0	0	2
Bulgaria_Sushina_C	BALKANS	Bulgaria	EUROPE_CONTROL	0	0	2	0	0	0	0	0	2
Bulgaria_Ivanovo_C	BALKANS	Bulgaria	EUROPE_CONTROL	0	0	2	0	0	0	0	0	2
Serbia_EN_Starcevo-o	BALKANS	Serbia	EUROPE_CONTROL	0	0	2	0	0	0	0	0	2
Croatia_EN_Impressa	BALKANS	Croatia	EUROPE_CONTROL	0	0	2	0	0	0	0	0	2
Croatia_N_Starcevo	BALKANS	Croatia	EUROPE_CONTROL	0	2	0	0	0	0	0	0	2
Serbia_IronGates_Mesolithic-o	BALKANS	Serbia	EUROPE_CONTROL	0	0	2	0	0	0	0	0	2
Bulgaria_Dzhulyunitsa_IA	BALKANS	Bulgaria	EUROPE_CONTROL	0	2	0	0	0	0	0	0	2
Romania_N-o	BALKANS	Romania	EUROPE_CONTROL	0	0	2	0	0	0	0	0	2
Romania_BA1-1	BALKANS	Romania	EUROPE_CONTROL	0	2	0	0	0	0	0	0	2
Slovenia_VenetiaHistria_ImperialRoman	BALKANS	Slovenia	EUROPE_CONTROL	2	0	0	0	0	0	0	0	2
Serbia_LateAntiquity_ImperialRoman_Roman_possible	BALKANS	Serbia	EUROPE_CONTROL	2	0	0	0	0	0	0	0	2
Serbia_Roman	BALKANS	Serbia	EUROPE_CONTROL	2	0	0	0	0	0	0	0	2
Serbia_LateAntiquity_ImperialRoman_Roman	BALKANS	Serbia	EUROPE_CONTROL	2	0	0	0	0	0	0	0	2
Serbia_EBA_Maros-oAegean	BALKANS	Serbia	EUROPE_CONTROL	0	2	0	0	0	0	0	0	2
Montenegro_IA	BALKANS	Montenegro	EUROPE_CONTROL	0	2	0	0	0	0	0	0	2
Bulgaria_Sabrano_EBA_Ezero	BALKANS	Bulgaria	EUROPE_CONTROL	0	2	0	0	0	0	0	0	2
Bulgaria_BeliBreyag_EBA	BALKANS	Bulgaria	EUROPE_CONTROL	0	2	0	0	0	0	0	0	2
Romania_BA_Arman-o	BALKANS	Romania	EUROPE_CONTROL	0	2	0	0	0	0	0	0	2
Bulgaria_Ryahovets_Medieval	BALKANS	Bulgaria	EUROPE_CONTROL	2	0	0	0	0	0	0	0	2
Bulgaria_Dzhulyunitsa_N-o	BALKANS	Bulgaria	EUROPE_CONTROL	0	0	2	0	0	0	0	0	2
Albania_N_C	BALKANS	Albania	EUROPE_CONTROL	0	0	2	0	0	0	0	0	2
Bulgaria_GoljamataMogila_EBA_Yamnaya	BALKANS	Bulgaria	EUROPE_CONTROL	0	2	0	0	0	0	0	0	2
Montenegro_MLBA_Cetina-o	BALKANS	Montenegro	EUROPE_CONTROL	0	2	0	0	0	0	0	0	2
Albania_Cinamak_BA_IA	BALKANS	Albania	EUROPE_CONTROL	0	2	0	0	0	0	0	0	2
Serbia_Gepids	BALKANS	Serbia	EUROPE_CONTROL	2	0	0	0	0	0	0	0	2
Bulgaria_Stambolovo_EIA	BALKANS	Bulgaria	EUROPE_CONTROL	0	2	0	0	0	0	0	0	2
Serbia_C_BA_Bodrogkeresztur_Tiszapolgar	BALKANS	Serbia	EUROPE_CONTROL	0	0	2	0	0	0	0	0	2
Croatia_BA	BALKANS	Croatia	EUROPE_CONTROL	0	2	0	0	0	0	0	0	2
Croatia_Medieval_Modern	BALKANS	Croatia	EUROPE_CONTROL	2	0	0	0	0	0	0	0	2
Croatia_LIA	BALKANS	Croatia	EUROPE_CONTROL	0	2	0	0	0	0	0	0	2
Bulgaria_TellEzero_EBA	BALKANS	Bulgaria	EUROPE_CONTROL	0	2	0	0	0	0	0	0	2
Romania_EN_Cris	BALKANS	Romania	EUROPE_CONTROL	0	0	2	0	0	0	0	0	2
Croatia_EarlyMedieval_EarlySlav	BALKANS	Croatia	EUROPE_CONTROL	2	0	0	0	0	0	0	0	2
Albania_Barc_PostMedieval-oTurkish	BALKANS	Albania	EUROPE_CONTROL	2	0	0	0	0	0	0	0	2
Serbia_IronGates_MBA	BALKANS	Serbia	EUROPE_CONTROL	0	2	0	0	0	0	0	0	2
Slovenia_MIA-oSouth	BALKANS	Slovenia	EUROPE_CONTROL	0	2	0	0	0	0	0	0	2
Bulgaria_Kazanlak_LIA	BALKANS	Bulgaria	EUROPE_CONTROL	0	2	0	0	0	0	0	0	2
Serbia_IronGates_Mesolithic-oHighEEF	BALKANS	Serbia	EUROPE_CONTROL	0	0	2	0	0	0	0	0	2
Romania_IronGates_LateMesolithic	BALKANS	Romania	EUROPE_CONTROL	0	0	2	0	0	0	0	0	2
Romania_EN_StarcevoCris	BALKANS	Romania	EUROPE_CONTROL	0	0	2	0	0	0	0	0	2
Romania_Eneolithic_LN_Boian	BALKANS	Romania	EUROPE_CONTROL	0	0	2	0	0	0	0	0	2
Croatia_MBA_Cetina-o	BALKANS	Croatia	EUROPE_CONTROL	0	2	0	0	0	0	0	0	2
Bulgaria_BachoKiroCave_IUP	BALKANS	Bulgaria	EUROPE_CONTROL	0	0	0	0	2	0	0	0	2
Bulgarian	BALKANS	Bulgaria	EUROPE_CONTROL	2	0	0	0	0	0	0	0	2
Bulgaria_Samovodene_EarlyMedieval-oEastAsia	BALKANS	Bulgaria	EUROPE_CONTROL	1	0	0	0	0	0	0	0	1
NorthMacedonia_Medieval	BALKANS	North Macedonia	EUROPE_CONTROL	1	0	0	0	0	0	0	0	1
Croatia_LateC_EBA_Vucedol	BALKANS	Croatia	EUROPE_CONTROL	0	1	0	0	0	0	0	0	1
Croatia_LateC_EBA_Vucedol-oSteppe	BALKANS	Croatia	EUROPE_CONTROL	0	1	0	0	0	0	0	0	1
Bulgaria_Dzhulyunitsa_N-oEEF	BALKANS	Bulgaria	EUROPE_CONTROL	0	0	1	0	0	0	0	0	1
Croatia_N_Lasinja	BALKANS	Croatia	EUROPE_CONTROL	0	0	1	0	0	0	0	0	1
Croatia_Mesolithic_HG	BALKANS	Croatia	EUROPE_CONTROL	0	0	1	0	0	0	0	0	1
Croatia_Medieval	BALKANS	Croatia	EUROPE_CONTROL	1	0	0	0	0	0	0	0	1
Bulgaria_Kairyaka_MLBA	BALKANS	Bulgaria	EUROPE_CONTROL	0	1	0	0	0	0	0	0	1
Bulgaria_Kairyaka_EBA-2	BALKANS	Bulgaria	EUROPE_CONTROL	0	1	0	0	0	0	0	0	1
Bulgaria_Smyadovo_C-oSteppe	BALKANS	Bulgaria	EUROPE_CONTROL	0	0	1	0	0	0	0	0	1
Bulgaria_Sushina_C-o	BALKANS	Bulgaria	EUROPE_CONTROL	0	0	1	0	0	0	0	0	1
Bulgaria_Samovodene_N	BALKANS	Bulgaria	EUROPE_CONTROL	0	0	1	0	0	0	0	0	1
Croatia_Vucedol-o	BALKANS	Croatia	EUROPE_CONTROL	0	1	0	0	0	0	0	0	1
NorthMacedonia_N-NotPermittedToPublish	BALKANS	North Macedonia	EUROPE_CONTROL	0	0	1	0	0	0	0	0	1
Serbia_IronGates_ImperialRoman	BALKANS	Serbia	EUROPE_CONTROL	1	0	0	0	0	0	0	0	1
Serbia_IronGates_N-oHG	BALKANS	Serbia	EUROPE_CONTROL	0	0	1	0	0	0	0	0	1
Romania_EN_Starcevo	BALKANS	Romania	EUROPE_CONTROL	0	0	1	0	0	0	0	0	1
Romania_EN-oIran	BALKANS	Romania	EUROPE_CONTROL	0	0	1	0	0	0	0	0	1
Romania_EN_StarcevoKorosCris	BALKANS	Romania	EUROPE_CONTROL	0	0	1	0	0	0	0	0	1
Serbia_MN_StarcevoCris	BALKANS	Serbia	EUROPE_CONTROL	0	0	1	0	0	0	0	0	1
Bulgaria_Kairyaka_EBA	BALKANS	Bulgaria	EUROPE_CONTROL	0	1	0	0	0	0	0	0	1
Albania_MBA	BALKANS	Albania	EUROPE_CONTROL	0	1	0	0	0	0	0	0	1
Bulgaria_C	BALKANS	Bulgaria	EUROPE_CONTROL	0	0	1	0	0	0	0	0	1
Bulgaria_EBA_Yamnaya	BALKANS	Bulgaria	EUROPE_CONTROL	0	1	0	0	0	0	0	0	1
Bulgaria_Durankulak_C_ProtoYamnaya	BALKANS	Bulgaria	EUROPE_CONTROL	0	1	0	0	0	0	0	0	1
Slovenia_VenetiaHistria_LateAntiquity_ImperialRoman-oEurope	BALKANS	Slovenia	EUROPE_CONTROL	1	0	0	0	0	0	0	0	1
Montenegro_Dalmatia_ImperialRoman-oAegean	BALKANS	Montenegro	EUROPE_CONTROL	1	0	0	0	0	0	0	0	1
Croatia_Dalmatia_LateAntiquity_Roman-oCaucasus	BALKANS	Croatia	EUROPE_CONTROL	1	0	0	0	0	0	0	0	1
Croatia_ImperialRoman_Roman	BALKANS	Croatia	EUROPE_CONTROL	1	0	0	0	0	0	0	0	1
Croatia_LateAntiquity_Roman-oNorthEurope	BALKANS	Croatia	EUROPE_CONTROL	1	0	0	0	0	0	0	0	1
Croatia_Dalmatia_ImperialRoman-oLevant	BALKANS	Croatia	EUROPE_CONTROL	1	0	0	0	0	0	0	0	1
Serbia_LateRoman	BALKANS	Serbia	EUROPE_CONTROL	1	0	0	0	0	0	0	0	1
Serbia_ImperialRoman_Roman	BALKANS	Serbia	EUROPE_CONTROL	1	0	0	0	0	0	0	0	1
Serbia_ImperialRoman_Roman-oLevant	BALKANS	Serbia	EUROPE_CONTROL	1	0	0	0	0	0	0	0	1
Romania_C-oHG	BALKANS	Romania	EUROPE_CONTROL	0	1	0	0	0	0	0	0	1
Montenegro_LBA	BALKANS	Montenegro	EUROPE_CONTROL	0	1	0	0	0	0	0	0	1
Bulgaria_Varna_C-o	BALKANS	Bulgaria	EUROPE_CONTROL	0	0	1	0	0	0	0	0	1
Bulgaria_Varna_C-2	BALKANS	Bulgaria	EUROPE_CONTROL	0	0	1	0	0	0	0	0	1
Bulgaria_Mednikarovo_EBA_Yamnaya-o	BALKANS	Bulgaria	EUROPE_CONTROL	0	1	0	0	0	0	0	0	1
NorthMacedonia_Classical_Hellenistic-o	BALKANS	North Macedonia	EUROPE_CONTROL	0	1	0	0	0	0	0	0	1
Romania_Medieval	BALKANS	Romania	EUROPE_CONTROL	1	0	0	0	0	0	0	0	1
Romania_Glavanesti_BA-1	BALKANS	Romania	EUROPE_CONTROL	0	1	0	0	0	0	0	0	1
Romania_EBA_Catacomb	BALKANS	Romania	EUROPE_CONTROL	0	1	0	0	0	0	0	0	1
Romania_Tei	BALKANS	Romania	EUROPE_CONTROL	0	1	0	0	0	0	0	0	1
Montenegro_MLBA-o	BALKANS	Montenegro	EUROPE_CONTROL	0	1	0	0	0	0	0	0	1
Albania_Medieval	BALKANS	Albania	EUROPE_CONTROL	1	0	0	0	0	0	0	0	1
Romania_Brailita_EBA_Yamnaya	BALKANS	Romania	EUROPE_CONTROL	0	1	0	0	0	0	0	0	1
Albania_Kenete_Medieval	BALKANS	Albania	EUROPE_CONTROL	1	0	0	0	0	0	0	0	1
Albania_Cinamak_EBA	BALKANS	Albania	EUROPE_CONTROL	0	1	0	0	0	0	0	0	1
Serbia_ImperialRoman-oAfrica	BALKANS	Serbia	EUROPE_CONTROL	1	0	0	0	0	0	0	0	1
Romania_C_Bodrogkeresztur-1	BALKANS	Romania	EUROPE_CONTROL	0	0	1	0	0	0	0	0	1
Albania_N	BALKANS	Albania	EUROPE_CONTROL	0	0	1	0	0	0	0	0	1
Albania_Pazhok_PostMedieval	BALKANS	Albania	EUROPE_CONTROL	1	0	0	0	0	0	0	0	1
Croatia_Roman_LateAntiquity-o	BALKANS	Croatia	EUROPE_CONTROL	1	0	0	0	0	0	0	0	1
Serbia_BA-o	BALKANS	Serbia	EUROPE_CONTROL	0	1	0	0	0	0	0	0	1
Serbia_LBA	BALKANS	Serbia	EUROPE_CONTROL	0	1	0	0	0	0	0	0	1
Montenegro_LN_Hvar	BALKANS	Montenegro	EUROPE_CONTROL	0	1	0	0	0	0	0	0	1
Montenegro_Mesolithic_LN_Hvar-oWHG	BALKANS	Montenegro	EUROPE_CONTROL	0	1	0	0	0	0	0	0	1
Albania_Dukat_Medieval	BALKANS	Albania	EUROPE_CONTROL	1	0	0	0	0	0	0	0	1
Romania_Brailita_Medieval	BALKANS	Romania	EUROPE_CONTROL	1	0	0	0	0	0	0	0	1
Croatia_Modern	BALKANS	Croatia	EUROPE_CONTROL	1	0	0	0	0	0	0	0	1
Bulgaria_LozyankaMogila_Roman_LateAntiquity	BALKANS	Bulgaria	EUROPE_CONTROL	1	0	0	0	0	0	0	0	1
Bulgaria_LozyankaMogila_EBA_Ezero	BALKANS	Bulgaria	EUROPE_CONTROL	0	1	0	0	0	0	0	0	1
Bulgaria_Mogila_EBA_Yamnaya	BALKANS	Bulgaria	EUROPE_CONTROL	0	1	0	0	0	0	0	0	1
Bulgaria_NovaZagora_EBA	BALKANS	Bulgaria	EUROPE_CONTROL	0	1	0	0	0	0	0	0	1
Bulgaria_KapitanAndreevo_EBA_MBA	BALKANS	Bulgaria	EUROPE_CONTROL	0	1	0	0	0	0	0	0	1
Croatia_C	BALKANS	Croatia	EUROPE_CONTROL	0	1	0	0	0	0	0	0	1
Slovenia_LBA_EIA	BALKANS	Slovenia	EUROPE_CONTROL	0	1	0	0	0	0	0	0	1
Croatia_ImperialRoman-3	BALKANS	Croatia	EUROPE_CONTROL	1	0	0	0	0	0	0	0	1
Croatia_ImperialRoman-1	BALKANS	Croatia	EUROPE_CONTROL	1	0	0	0	0	0	0	0	1
Croatia_LateAntiquity_ImperialRoman-oEurope	BALKANS	Croatia	EUROPE_CONTROL	1	0	0	0	0	0	0	0	1
Croatia_MN_LaTene	BALKANS	Croatia	EUROPE_CONTROL	0	0	1	0	0	0	0	0	1
Croatia_EarlyMedieval_EarlySlav-oAegean	BALKANS	Croatia	EUROPE_CONTROL	1	0	0	0	0	0	0	0	1
Croatia_EarlyMedieval-oAegean	BALKANS	Croatia	EUROPE_CONTROL	1	0	0	0	0	0	0	0	1
Croatia_ImperialRoman-oLevant	BALKANS	Croatia	EUROPE_CONTROL	1	0	0	0	0	0	0	0	1
Croatia_ImperialRoman-oAfrica	BALKANS	Croatia	EUROPE_CONTROL	1	0	0	0	0	0	0	0	1
Serbia_MigrationPeriod_Gepids-oAegean	BALKANS	Serbia	EUROPE_CONTROL	1	0	0	0	0	0	0	0	1
Croatia_EarlyMedieval_Avar-oNorthEurope	BALKANS	Croatia	EUROPE_CONTROL	1	0	0	0	0	0	0	0	1
Serbia_ImperialRoman_African	BALKANS	Serbia	EUROPE_CONTROL	1	0	0	0	0	0	0	0	1
Croatia_Roman_LateAntiquity-oAegean	BALKANS	Croatia	EUROPE_CONTROL	1	0	0	0	0	0	0	0	1
Croatia_Roman_LateAntiquity-oEurope	BALKANS	Croatia	EUROPE_CONTROL	1	0	0	0	0	0	0	0	1
Croatia_Roman_LateAntiquity-oNorthEurope	BALKANS	Croatia	EUROPE_CONTROL	1	0	0	0	0	0	0	0	1
Bulgaria_Ohoden_N	BALKANS	Bulgaria	EUROPE_CONTROL	0	0	1	0	0	0	0	0	1
Albania_Barc_Medieval-o	BALKANS	Albania	EUROPE_CONTROL	1	0	0	0	0	0	0	0	1
Albania_Cinamak_IA-o	BALKANS	Albania	EUROPE_CONTROL	0	1	0	0	0	0	0	0	1
Bulgaria_Diamandovo_EIA	BALKANS	Bulgaria	EUROPE_CONTROL	0	1	0	0	0	0	0	0	1
Bulgaria_Svilengrad_EIA	BALKANS	Bulgaria	EUROPE_CONTROL	0	1	0	0	0	0	0	0	1
Bulgaria_Svilengrad_EIA-o	BALKANS	Bulgaria	EUROPE_CONTROL	0	1	0	0	0	0	0	0	1
Bulgaria_Rozovo_LIA	BALKANS	Bulgaria	EUROPE_CONTROL	0	1	0	0	0	0	0	0	1
Croatia_LateAntiquity-oAegean	BALKANS	Croatia	EUROPE_CONTROL	1	0	0	0	0	0	0	0	1
Slovenia_LBA	BALKANS	Slovenia	EUROPE_CONTROL	0	1	0	0	0	0	0	0	1
VindijaCave_Neanderthal	BALKANS	Croatia	EUROPE_CONTROL	0	0	0	0	0	1	0	0	1
Croatia_Popova_CA	BALKANS	Croatia	EUROPE_CONTROL	0	1	0	0	0	0	0	0	1
Serbia_EMN	BALKANS	Serbia	EUROPE_CONTROL	0	0	1	0	0	0	0	0	1
Serbia_IronGates_Mesolithic-oLowEEF	BALKANS	Serbia	EUROPE_CONTROL	0	0	1	0	0	0	0	0	1
Romania_IronGates_N	BALKANS	Romania	EUROPE_CONTROL	0	1	0	0	0	0	0	0	1
Romania_Eneolithic_LN_Gumelnita	BALKANS	Romania	EUROPE_CONTROL	0	1	0	0	0	0	0	0	1
Romania_EN-Dup	BALKANS	Romania	EUROPE_CONTROL	0	0	1	0	0	0	0	0	1
Romania_Eneolithic_LN	BALKANS	Romania	EUROPE_CONTROL	0	0	1	0	0	0	0	0	1
Romania_villageIclod_Eneolithic_LN	BALKANS	Romania	EUROPE_CONTROL	0	0	1	0	0	0	0	0	1
Romania_villageDeceaMuresului_Eneolithic_LN_DeceaMuresului	BALKANS	Romania	EUROPE_CONTROL	0	0	1	0	0	0	0	0	1
Romania_BaciuGuraBaciului_EN_StarcevoCris	BALKANS	Romania	EUROPE_CONTROL	0	0	1	0	0	0	0	0	1
Romania_IronGates_Mesolithic-Dup	BALKANS	Romania	EUROPE_CONTROL	0	0	1	0	0	0	0	0	1
Croatia_LateAntiquity-oAfrica	BALKANS	Croatia	EUROPE_CONTROL	1	0	0	0	0	0	0	0	1
Bulgaria_Boyanovo_EBA_Yamnaya	BALKANS	Bulgaria	EUROPE_CONTROL	0	1	0	0	0	0	0	0	1
Romania_N_Dudesti	BALKANS	Romania	EUROPE_CONTROL	0	0	1	0	0	0	0	0	1
Romania_C	BALKANS	Romania	EUROPE_CONTROL	0	1	0	0	0	0	0	0	1
Romania_EBA_Gumelnita	BALKANS	Romania	EUROPE_CONTROL	0	1	0	0	0	0	0	0	1
Bulgaria_Dzhulyunitsa_C	BALKANS	Bulgaria	EUROPE_CONTROL	0	0	1	0	0	0	0	0	1
Romania_IUP	BALKANS	Romania	EUROPE_CONTROL	0	0	0	0	1	0	0	0	1
Romania_Hun-oEastAsia	BALKANS	Romania	EUROPE_CONTROL	1	0	0	0	0	0	0	0	1
Bulgaria_Koriyata_at_Suvorovo_Medieval	BALKANS	Bulgaria	EUROPE_CONTROL	1	0	0	0	0	0	0	0	1
Albanian	BALKANS	Albania	EUROPE_CONTROL	1	0	0	0	0	0	0	0	1
Romania_Hun	BALKANS	Romania	EUROPE_CONTROL	1	0	0	0	0	0	0	0	1
Bulgaria_Yunatsite_C_Karanovo_Gumelnita	BALKANS	Bulgaria	EUROPE_CONTROL	0	0	1	0	0	0	0	0	1
Romania_Brailita_Mesolithic	BALKANS	Romania	EUROPE_CONTROL	0	0	1	0	0	0	0	0	1
Greece_Crete_HgCharalambos_EMBA	CRETE	Greece	EUROPE_CONTROL	0	31	0	0	0	0	0	0	31
Greece_Crete_LBA	CRETE	Greece	EUROPE_CONTROL	0	25	0	0	0	0	0	0	25
Greece_Crete_Aposelemis_N	CRETE	Greece	EUROPE_CONTROL	0	0	5	0	0	0	0	0	5
Greece_Crete_MoniOdigitria_BA	CRETE	Greece	EUROPE_CONTROL	0	5	0	0	0	0	0	0	5
Greek_Crete	CRETE	Greece	EUROPE_CONTROL	2	0	0	0	0	0	0	0	2
Greece_Crete_KephalaPetrasSiteias	CRETE	Greece	EUROPE_CONTROL	0	1	0	0	0	0	0	0	1
Greece_Crete_Aposelemis_LBA	CRETE	Greece	EUROPE_CONTROL	0	1	0	0	0	0	0	0	1
Greece_Crete_Zakros_Karaviadaina_BA	CRETE	Greece	EUROPE_CONTROL	0	1	0	0	0	0	0	0	1
Greece_Crete_NecropolisofArmenoi_BA	CRETE	Greece	EUROPE_CONTROL	0	1	0	0	0	0	0	0	1
Cyprus_C	CYPRUS	Cyprus	LEVANT	0	1	0	0	0	0	0	0	1
Cyprus_PPNB	CYPRUS	Cyprus	LEVANT	0	0	1	0	0	0	0	0	1
Greece_Peloponnese_LBA	GREECE	Greece	EUROPE_CONTROL	0	9	0	0	0	0	0	0	9
Greece_PalaceofNestor_BA	GREECE	Greece	EUROPE_CONTROL	0	9	0	0	0	0	0	0	9
Greece_Kastrouli_BA	GREECE	Greece	EUROPE_CONTROL	0	9	0	0	0	0	0	0	9
Greece_LBA	GREECE	Greece	EUROPE_CONTROL	0	8	0	0	0	0	0	0	8
Greece_Achaea_LBA	GREECE	Greece	EUROPE_CONTROL	0	7	0	0	0	0	0	0	7
Greece_Peloponnese_N	GREECE	Greece	EUROPE_CONTROL	0	2	3	0	0	0	0	0	5
Greece_PerachoraCave_EBA	GREECE	Greece	EUROPE_CONTROL	0	5	0	0	0	0	0	0	5
Greece_NeaStyra_EBA	GREECE	Greece	EUROPE_CONTROL	0	5	0	0	0	0	0	0	5
Greece_Attica_KolikrepiSpata_BA	GREECE	Greece	EUROPE_CONTROL	0	4	0	0	0	0	0	0	4
Greece_Argolid_LBA	GREECE	Greece	EUROPE_CONTROL	0	3	0	0	0	0	0	0	3
Greece_NeaNikomedeia_EN	GREECE	Greece	EUROPE_CONTROL	0	0	3	0	0	0	0	0	3
Greece_EpanoKoufonisi_EBA_Cycladic	GREECE	Greece	EUROPE_CONTROL	0	2	0	0	0	0	0	0	2
Greece_ElatiLogkassite_MBA	GREECE	Greece	EUROPE_CONTROL	0	2	0	0	0	0	0	0	2
Greece_Attica_LBA	GREECE	Greece	EUROPE_CONTROL	0	2	0	0	0	0	0	0	2
Greece_North_N	GREECE	Greece	EUROPE_CONTROL	0	0	2	0	0	0	0	0	2
Greece_Kastrouli_IA	GREECE	Greece	EUROPE_CONTROL	0	2	0	0	0	0	0	0	2
Greece_PalaceofNestor_EIA	GREECE	Greece	EUROPE_CONTROL	0	2	0	0	0	0	0	0	2
Greece_Apatheia_BA	GREECE	Greece	EUROPE_CONTROL	0	2	0	0	0	0	0	0	2
Greece_Manika_EBA	GREECE	Greece	EUROPE_CONTROL	0	1	0	0	0	0	0	0	1
Greece_Achaia_LateAntiquity_ImperialRoman	GREECE	Greece	EUROPE_CONTROL	1	0	0	0	0	0	0	0	1
Greece_TheopetraCave_EBA	GREECE	Greece	EUROPE_CONTROL	0	1	0	0	0	0	0	0	1
Greece_Sarakenos_EBA	GREECE	Greece	EUROPE_CONTROL	0	1	0	0	0	0	0	0	1
Greece_EBA	GREECE	Greece	EUROPE_CONTROL	0	1	0	0	0	0	0	0	1
Greece_Argolid_Eleutherna_IA	GREECE	Greece	EUROPE_CONTROL	0	1	0	0	0	0	0	0	1
Greece_N	GREECE	Greece	EUROPE_CONTROL	0	0	1	0	0	0	0	0	1
Greece_Attica_KolikrepiSpata_LBA	GREECE	Greece	EUROPE_CONTROL	0	1	0	0	0	0	0	0	1
Greece_Salamis_BA	GREECE	Greece	EUROPE_CONTROL	0	1	0	0	0	0	0	0	1
Greece_Peristeria_BA	GREECE	Greece	EUROPE_CONTROL	0	1	0	0	0	0	0	0	1
Greece_Chios_StIsidorCathedral_Byzantine	GREECE	Greece	EUROPE_CONTROL	1	0	0	0	0	0	0	0	1
Greek_1	GREECE	Greece	EUROPE_CONTROL	1	0	0	0	0	0	0	0	1
Greek	GREECE	Greece	EUROPE_CONTROL	1	0	0	0	0	0	0	0	1
Greece_BA	GREECE	Greece	EUROPE_CONTROL	0	1	0	0	0	0	0	0	1
TSI	ITALY	Italy	EUROPE_CONTROL	108	0	0	0	0	0	0	0	108
Italy_Novilara_IA_Piceni	ITALY	Italy	EUROPE_CONTROL	0	57	0	0	0	0	0	0	57
Italian_North	ITALY	Italy	EUROPE_CONTROL	24	0	0	0	0	0	0	0	24
Italy_Lazio_ImperialRoman_Roman	ITALY	Italy	EUROPE_CONTROL	22	0	0	0	0	0	0	0	22
Italy_Lazio_LateAntiquity_ImperialRoman_Roman	ITALY	Italy	EUROPE_CONTROL	22	0	0	0	0	0	0	0	22
Italy_Lazio_LateAntiquity_Roman	ITALY	Italy	EUROPE_CONTROL	16	0	0	0	0	0	0	0	16
Italy_Lazio_Medieval_EarlyModern	ITALY	Italy	EUROPE_CONTROL	14	0	0	0	0	0	0	0	14
Italy_Lazio_IA_c_IA_d_Etruscan	ITALY	Italy	EUROPE_CONTROL	0	14	0	0	0	0	0	0	14
Italy_Tuscany_IA_a_IA_b_Etruscan	ITALY	Italy	EUROPE_CONTROL	0	13	0	0	0	0	0	0	13
Italy_Basilicata_LateAntiquity_Roman	ITALY	Italy	EUROPE_CONTROL	12	0	0	0	0	0	0	0	12
Italy_Pesaro_LateAntiquity	ITALY	Italy	EUROPE_CONTROL	12	0	0	0	0	0	0	0	12
Italy_Piedmont_North_EarlyMedieval_Lombards-1	ITALY	Italy	EUROPE_CONTROL	10	0	0	0	0	0	0	0	10
Italy_Lazio_Medieval_EarlyModern-oCentralEurope	ITALY	Italy	EUROPE_CONTROL	9	0	0	0	0	0	0	0	9
Italy_Tuscany_EarlyMedieval	ITALY	Italy	EUROPE_CONTROL	9	0	0	0	0	0	0	0	9
Italy_Monteriggioni_IA_Etruscan	ITALY	Italy	EUROPE_CONTROL	0	9	0	0	0	0	0	0	9
Italy_Tuscany_IA_b_IA_c_Etruscan	ITALY	Italy	EUROPE_CONTROL	0	8	0	0	0	0	0	0	8
Italy_Piedmont_North_EarlyMedieval_Lombards-2	ITALY	Italy	EUROPE_CONTROL	7	0	0	0	0	0	0	0	7
Italy_Centro_Central_N	ITALY	Italy	EUROPE_CONTROL	0	0	7	0	0	0	0	0	7
Italy_Sirolo_IA_Piceni	ITALY	Italy	EUROPE_CONTROL	0	7	0	0	0	0	0	0	7
Italy_Abruzzo_N	ITALY	Italy	EUROPE_CONTROL	0	0	5	0	0	0	0	0	5
Italy_Lazio_IA_Etruscan	ITALY	Italy	EUROPE_CONTROL	0	5	0	0	0	0	0	0	5
Italy_Lazio_BA	ITALY	Italy	EUROPE_CONTROL	0	5	0	0	0	0	0	0	5
Italy_Piedmont_North_EarlyMedieval_Lombards-3	ITALY	Italy	EUROPE_CONTROL	4	0	0	0	0	0	0	0	4
Italy_Lazio_IA_a_Etruscan	ITALY	Italy	EUROPE_CONTROL	1	3	0	0	0	0	0	0	4
Italy_Lazio_LateAntiquity_Roman-oCentralEurope	ITALY	Italy	EUROPE_CONTROL	4	0	0	0	0	0	0	0	4
Italy_Abruzzo_Epigravettian	ITALY	Italy	EUROPE_CONTROL	0	0	4	0	0	0	0	0	4
Italy_Lazio_ImperialRoman_Roman-oLevant	ITALY	Italy	EUROPE_CONTROL	4	0	0	0	0	0	0	0	4
Italy_Lazio_EarlyMedieval	ITALY	Italy	EUROPE_CONTROL	4	0	0	0	0	0	0	0	4
Italy_Lazio_IA_c_Etruscan	ITALY	Italy	EUROPE_CONTROL	0	4	0	0	0	0	0	0	4
Italy_Apulia_Gravettian	ITALY	Italy	EUROPE_CONTROL	0	0	0	0	4	0	0	0	4
Italy_Campania_ImperialRoman	ITALY	Italy	EUROPE_CONTROL	3	0	0	0	0	0	0	0	3
Italy_Apulia_IA_b_Daunian	ITALY	Italy	EUROPE_CONTROL	0	3	0	0	0	0	0	0	3
Italy_Lazio_ImperialRoman_Roman-oAnatoliaCaucasus	ITALY	Italy	EUROPE_CONTROL	3	0	0	0	0	0	0	0	3
Italy_Lazio_PalazzodellaCancelleria_Medieval_Roman_possible	ITALY	Italy	EUROPE_CONTROL	3	0	0	0	0	0	0	0	3
Italy_Marche_ImperialRoman	ITALY	Italy	EUROPE_CONTROL	3	0	0	0	0	0	0	0	3
Italy_Apulia_Medieval	ITALY	Italy	EUROPE_CONTROL	2	0	0	0	0	0	0	0	2
Italy_Lazio_Medieval_EarlyModern-oIberian	ITALY	Italy	EUROPE_CONTROL	2	0	0	0	0	0	0	0	2
Italy_Lazio_IA_b_Etruscan	ITALY	Italy	EUROPE_CONTROL	0	2	0	0	0	0	0	0	2
Italy_Abruzzo_C	ITALY	Italy	EUROPE_CONTROL	0	2	0	0	0	0	0	0	2
Italy_Marche_ImperialRoman_Roman	ITALY	Italy	EUROPE_CONTROL	2	0	0	0	0	0	0	0	2
Italy_Lazio_LateAntiquity_ImperialRoman_Roman-oEurope	ITALY	Italy	EUROPE_CONTROL	2	0	0	0	0	0	0	0	2
Italy_Tuscany_IA_c_Etruscan-oSteppe	ITALY	Italy	EUROPE_CONTROL	0	2	0	0	0	0	0	0	2
Italy_Sud_Medieval	ITALY	Italy	EUROPE_CONTROL	2	0	0	0	0	0	0	0	2
Italy_Lazio_IA_d_Etruscan-oLevant	ITALY	Italy	EUROPE_CONTROL	0	2	0	0	0	0	0	0	2
Italy_Lazio_IA_d_Etruscan	ITALY	Italy	EUROPE_CONTROL	0	2	0	0	0	0	0	0	2
Italy_Veneto	ITALY	Italy	EUROPE_CONTROL	0	2	0	0	0	0	0	0	2
Italy_Veneto_BA	ITALY	Italy	EUROPE_CONTROL	0	2	0	0	0	0	0	0	2
Italy_Veneto_EBA	ITALY	Italy	EUROPE_CONTROL	0	2	0	0	0	0	0	0	2
Italy_Lazio	ITALY	Italy	EUROPE_CONTROL	0	2	0	0	0	0	0	0	2
Italy_Pesaro_LateAntiquity-oLevant	ITALY	Italy	EUROPE_CONTROL	2	0	0	0	0	0	0	0	2
Italy_Piedmont_North_EarlyMedieval_Lombards-4	ITALY	Italy	EUROPE_CONTROL	1	0	0	0	0	0	0	0	1
Italy_EmiliaRomagna_BellBeaker2-2	ITALY	Italy	EUROPE_CONTROL	0	1	0	0	0	0	0	0	1
Italy_Campania_ImperialRoman-2	ITALY	Italy	EUROPE_CONTROL	1	0	0	0	0	0	0	0	1
Italy_EmiliaRomagna_BellBeaker1-1	ITALY	Italy	EUROPE_CONTROL	0	1	0	0	0	0	0	0	1
Italy_EmiliaRomagna_BellBeaker3-3	ITALY	Italy	EUROPE_CONTROL	0	1	0	0	0	0	0	0	1
Italy_Apulia_IA_c_Daunian	ITALY	Italy	EUROPE_CONTROL	0	1	0	0	0	0	0	0	1
Italy_Apulia_IA_b_IA_c_Daunian	ITALY	Italy	EUROPE_CONTROL	0	1	0	0	0	0	0	0	1
Italy_Apulia_IA_c_IA_d_Daunian	ITALY	Italy	EUROPE_CONTROL	0	1	0	0	0	0	0	0	1
Italy_Lazio_C	ITALY	Italy	EUROPE_CONTROL	0	0	1	0	0	0	0	0	1
Italy_Lazio_IA_b_Volsci_Hernici	ITALY	Italy	EUROPE_CONTROL	0	1	0	0	0	0	0	0	1
Italy_Lazio_LateAntiquity_Roman-2	ITALY	Italy	EUROPE_CONTROL	1	0	0	0	0	0	0	0	1
Italy_Lazio_ImperialRoman_Roman-2	ITALY	Italy	EUROPE_CONTROL	1	0	0	0	0	0	0	0	1
Italy_Lazio_ImperialRoman_Roman-oCentralEurope	ITALY	Italy	EUROPE_CONTROL	1	0	0	0	0	0	0	0	1
Italy_Lazio_LateAntiquity_Roman-o	ITALY	Italy	EUROPE_CONTROL	1	0	0	0	0	0	0	0	1
Italy_Lazio_ImperialRoman_Roman-oAfrica	ITALY	Italy	EUROPE_CONTROL	1	0	0	0	0	0	0	0	1
Italy_Abruzzo_IA_a_ProtoVillanovan-o	ITALY	Italy	EUROPE_CONTROL	0	1	0	0	0	0	0	0	1
Italy_Lazio_LateAntiquity_Roman-3CentralEuropean	ITALY	Italy	EUROPE_CONTROL	1	0	0	0	0	0	0	0	1
Italy_Lazio_IA_a_IA_c_Latini	ITALY	Italy	EUROPE_CONTROL	0	1	0	0	0	0	0	0	1
Italy_Lazio_IA_a_IA_c_Latini-oEastMediterranean	ITALY	Italy	EUROPE_CONTROL	0	1	0	0	0	0	0	0	1
Italy_Lazio_LateAntiquity_ImperialRoman_Roman-1	ITALY	Italy	EUROPE_CONTROL	1	0	0	0	0	0	0	0	1
Italy_Lazio_IA_b_Etruscan-oEastMediterranean	ITALY	Italy	EUROPE_CONTROL	0	1	0	0	0	0	0	0	1
Italy_Lazio_Medieval-oAegean	ITALY	Italy	EUROPE_CONTROL	1	0	0	0	0	0	0	0	1
Italy_Abruzzo_N-oWHG	ITALY	Italy	EUROPE_CONTROL	0	0	1	0	0	0	0	0	1
Italy_Lazio_ImperialRoman_Roman-1	ITALY	Italy	EUROPE_CONTROL	1	0	0	0	0	0	0	0	1
Italy_Lazio_IA_RomanRepublic-oEastMediterranean	ITALY	Italy	EUROPE_CONTROL	0	1	0	0	0	0	0	0	1
Italy_Lazio_IA_RomanRepublic	ITALY	Italy	EUROPE_CONTROL	0	1	0	0	0	0	0	0	1
Italy_Lazio_Medieval_EarlyModern-o	ITALY	Italy	EUROPE_CONTROL	1	0	0	0	0	0	0	0	1
Italy_Lazio_PalazzodellaCancelleria_Medieval-oEurope	ITALY	Italy	EUROPE_CONTROL	1	0	0	0	0	0	0	0	1
Italy_Lazio_PalazzodellaCancelleria_Medieval-oAegean	ITALY	Italy	EUROPE_CONTROL	1	0	0	0	0	0	0	0	1
Italy_Tuscany_IA_b_IA_c_Etruscan-oSteppe	ITALY	Italy	EUROPE_CONTROL	0	1	0	0	0	0	0	0	1
Italy_Tuscany_IA_c_Etruscan	ITALY	Italy	EUROPE_CONTROL	0	1	0	0	0	0	0	0	1
Italy_Tuscany_IA_b_Etruscan	ITALY	Italy	EUROPE_CONTROL	0	1	0	0	0	0	0	0	1
Italy_Tuscany_IA_a_Etruscan	ITALY	Italy	EUROPE_CONTROL	0	1	0	0	0	0	0	0	1
Italy_Tuscany_LateAntiquity_ImperialRoman_Roman	ITALY	Italy	EUROPE_CONTROL	1	0	0	0	0	0	0	0	1
Italy_Basilicata_LateAntiquity_Roman-o	ITALY	Italy	EUROPE_CONTROL	1	0	0	0	0	0	0	0	1
Italy_Tuscany_IA_c_IA_d_Etruscan-oEastMediterranean	ITALY	Italy	EUROPE_CONTROL	0	1	0	0	0	0	0	0	1
Italy_Tuscany_IA_c_Etruscan-oEastMediterranean	ITALY	Italy	EUROPE_CONTROL	0	1	0	0	0	0	0	0	1
Italy_Tuscany_IA_d_Etruscan	ITALY	Italy	EUROPE_CONTROL	0	1	0	0	0	0	0	0	1
Italy_Apulia_Medieval-2	ITALY	Italy	EUROPE_CONTROL	1	0	0	0	0	0	0	0	1
Italy_Apulia_Medieval-1	ITALY	Italy	EUROPE_CONTROL	1	0	0	0	0	0	0	0	1
Italy_EmiliaRomagna	ITALY	Italy	EUROPE_CONTROL	0	1	0	0	0	0	0	0	1
Italy_Campania_ImperialRoman_Roman	ITALY	Italy	EUROPE_CONTROL	1	0	0	0	0	0	0	0	1
Italy_Lombardy_RemedellodiSotto_North_EBA	ITALY	Italy	EUROPE_CONTROL	0	1	0	0	0	0	0	0	1
Italy_Lombardy_RemedellodiSotto_North_C	ITALY	Italy	EUROPE_CONTROL	0	1	0	0	0	0	0	0	1
Italy_Apulia_BA	ITALY	Italy	EUROPE_CONTROL	0	1	0	0	0	0	0	0	1
Italy_Apulia_Eneolithic	ITALY	Italy	EUROPE_CONTROL	0	1	0	0	0	0	0	0	1
Italy_Campania_Eneolithic_Gaudo	ITALY	Italy	EUROPE_CONTROL	0	1	0	0	0	0	0	0	1
Italy_Marche_Eneolithic_Rinaldone	ITALY	Italy	EUROPE_CONTROL	0	1	0	0	0	0	0	0	1
Italy_Lazio_EN	ITALY	Italy	EUROPE_CONTROL	0	0	1	0	0	0	0	0	1
Italy_FriuliVeneziaGiulia_Epigravettian	ITALY	Italy	EUROPE_CONTROL	0	0	0	1	0	0	0	0	1
Italy_TrentinoSouthTyrol_North_MN	ITALY	Italy	EUROPE_CONTROL	0	1	0	0	0	0	0	0	1
Italy_Lazio_TarquiniaCivita_IA_a_Etruscan	ITALY	Italy	EUROPE_CONTROL	0	1	0	0	0	0	0	0	1
Italy_Lazio_BA_IA_a_Etruscan-oEurope	ITALY	Italy	EUROPE_CONTROL	0	1	0	0	0	0	0	0	1
Italy_Lazio_BA_IA_a_Etruscan	ITALY	Italy	EUROPE_CONTROL	0	1	0	0	0	0	0	0	1
Italy_Apulia_UP	ITALY	Italy	EUROPE_CONTROL	0	0	0	1	0	0	0	0	1
Italy_Pesaro_LateAntiquity-Africa	ITALY	Italy	EUROPE_CONTROL	1	0	0	0	0	0	0	0	1
Italy_Ripa_Bianca_Roman_Lombards_Ostrogoth	ITALY	Italy	EUROPE_CONTROL	1	0	0	0	0	0	0	0	1
Italy_NordEst_Epigravettian	ITALY	Italy	EUROPE_CONTROL	0	0	0	1	0	0	0	0	1
Malta_EBA	MALTA	Malta	EUROPE_CONTROL	0	2	0	0	0	0	0	0	2
Sardinian	SARDINIA	Italy	EUROPE_CONTROL	31	0	0	0	0	0	0	0	31
Italy_Sardinia_EBA	SARDINIA	Italy	EUROPE_CONTROL	0	20	0	0	0	0	0	0	20
Italy_Sardinia_N	SARDINIA	Italy	EUROPE_CONTROL	0	14	4	0	0	0	0	0	18
Italy_Sardinia_BA_Nuragic_Nuragic	SARDINIA	Italy	EUROPE_CONTROL	0	10	0	0	0	0	0	0	10
Italy_Sardinia_LBA	SARDINIA	Italy	EUROPE_CONTROL	0	7	0	0	0	0	0	0	7
Italy_Sardinia_ImperialRoman_Roman	SARDINIA	Italy	EUROPE_CONTROL	5	0	0	0	0	0	0	0	5
Italy_Sardinia_LateC	SARDINIA	Italy	EUROPE_CONTROL	0	5	0	0	0	0	0	0	5
Italy_Sardinia_IA_a_IA_b_Punic_Nuragic	SARDINIA	Italy	EUROPE_CONTROL	0	5	0	0	0	0	0	0	5
Italy_Sardinia_C_MonteClaro	SARDINIA	Italy	EUROPE_CONTROL	0	4	0	0	0	0	0	0	4
Italy_Sardinia_C_BA	SARDINIA	Italy	EUROPE_CONTROL	0	3	0	0	0	0	0	0	3
Italy_Sardinia_C	SARDINIA	Italy	EUROPE_CONTROL	0	3	0	0	0	0	0	0	3
Italy_Sardinia_IA_b_Punic_Nuragic	SARDINIA	Italy	EUROPE_CONTROL	0	3	0	0	0	0	0	0	3
Italy_Sardinia_EBA_Nuragic_Nuragic	SARDINIA	Italy	EUROPE_CONTROL	0	2	0	0	0	0	0	0	2
Italy_Sardinia_EarlyMedieval-o	SARDINIA	Italy	EUROPE_CONTROL	2	0	0	0	0	0	0	0	2
Italy_Sardinia_IA_a_IA_b_Punic-2	SARDINIA	Italy	EUROPE_CONTROL	0	2	0	0	0	0	0	0	2
Italy_Sardinia_Medieval	SARDINIA	Italy	EUROPE_CONTROL	2	0	0	0	0	0	0	0	2
Italy_Sardinia_MBA	SARDINIA	Italy	EUROPE_CONTROL	0	2	0	0	0	0	0	0	2
Italy_Sardinia_Roman_IA_c_Punic_IA_d_Nuragic	SARDINIA	Italy	EUROPE_CONTROL	0	2	0	0	0	0	0	0	2
Italy_Sardinia_IA_b_IA_c_Punic_Nuragic-oNorthAfrica	SARDINIA	Italy	EUROPE_CONTROL	0	2	0	0	0	0	0	0	2
Italy_Sardinia_IA_c_Nuragic-1	SARDINIA	Italy	EUROPE_CONTROL	0	1	0	0	0	0	0	0	1
Italy_Lazio_LateAntiquity_Roman-oSardinia	SARDINIA	Italy	EUROPE_CONTROL	1	0	0	0	0	0	0	0	1
Italy_Sardinia_N-o	SARDINIA	Italy	EUROPE_CONTROL	0	1	0	0	0	0	0	0	1
Italy_Sardinia_Phoenician	SARDINIA	Italy	EUROPE_CONTROL	0	1	0	0	0	0	0	0	1
Italy_Sardinia_BA_IA_a_Punic	SARDINIA	Italy	EUROPE_CONTROL	0	1	0	0	0	0	0	0	1
Italy_Sardinia_ImperialRoman	SARDINIA	Italy	EUROPE_CONTROL	1	0	0	0	0	0	0	0	1
Italy_Sardinia_IA_a_Punic	SARDINIA	Italy	EUROPE_CONTROL	0	1	0	0	0	0	0	0	1
Italy_Sardinia_ImperialRoman_Roman-o	SARDINIA	Italy	EUROPE_CONTROL	1	0	0	0	0	0	0	0	1
Italy_Sardinia_EBA_Nuragic	SARDINIA	Italy	EUROPE_CONTROL	0	1	0	0	0	0	0	0	1
Italy_Sardinia_BA_Nuragic_Nuragic-o	SARDINIA	Italy	EUROPE_CONTROL	0	1	0	0	0	0	0	0	1
Italy_Sardinia_IA_Punic-2	SARDINIA	Italy	EUROPE_CONTROL	0	1	0	0	0	0	0	0	1
Italy_Sardinia_Medieval-1	SARDINIA	Italy	EUROPE_CONTROL	1	0	0	0	0	0	0	0	1
Italy_Sardinia_Medieval-2	SARDINIA	Italy	EUROPE_CONTROL	1	0	0	0	0	0	0	0	1
Italy_Sardinia_BA_Nuragic	SARDINIA	Italy	EUROPE_CONTROL	0	1	0	0	0	0	0	0	1
Italy_Sardinia_IA_b_Nuragic-2	SARDINIA	Italy	EUROPE_CONTROL	0	1	0	0	0	0	0	0	1
Italy_Sardinia_IA_a_IA_b_Nuragic-1	SARDINIA	Italy	EUROPE_CONTROL	0	1	0	0	0	0	0	0	1
Italy_Sardinia_IA_b_Nuragic-1	SARDINIA	Italy	EUROPE_CONTROL	0	1	0	0	0	0	0	0	1
Italy_Sardinia_IA_b_IA_c_Nuragic-1	SARDINIA	Italy	EUROPE_CONTROL	0	1	0	0	0	0	0	0	1
Italy_Sardinia_IA_a_Nuragic-1	SARDINIA	Italy	EUROPE_CONTROL	0	1	0	0	0	0	0	0	1
Italy_Sardinia_EarlyMedieval	SARDINIA	Italy	EUROPE_CONTROL	1	0	0	0	0	0	0	0	1
Italy_Sardinia_TusciaUmbria_LateAntiquity_ImperialRoman	SARDINIA	Italy	EUROPE_CONTROL	1	0	0	0	0	0	0	0	1
Italy_Sardinia_N-oAfrica	SARDINIA	Italy	EUROPE_CONTROL	0	1	0	0	0	0	0	0	1
Italy_Sardinia_IA-2	SARDINIA	Italy	EUROPE_CONTROL	0	1	0	0	0	0	0	0	1
Italy_Sardinia_Roman_IA_c_Punic_Nuragic-oNorthAfrica	SARDINIA	Italy	EUROPE_CONTROL	0	1	0	0	0	0	0	0	1
Italy_Sardinia_IA_b_IA_c_Punic_Nuragic	SARDINIA	Italy	EUROPE_CONTROL	0	1	0	0	0	0	0	0	1
Italy_Sardinia_IA_c_Punic_Nuragic	SARDINIA	Italy	EUROPE_CONTROL	0	1	0	0	0	0	0	0	1
Italy_Sardinia_SouthwestMatoGrosso_Punic_ImperialRoman_Nuragic-oCaucasus	SARDINIA	Italy	EUROPE_CONTROL	1	0	0	0	0	0	0	0	1
Italy_Sardinia_Roman_IA_c_Punic_Nuragic-oAfrica	SARDINIA	Italy	EUROPE_CONTROL	0	1	0	0	0	0	0	0	1
Italy_Sardinia_Punic_IA_d_ImperialRoman_Nuragic-oEurope	SARDINIA	Italy	EUROPE_CONTROL	0	1	0	0	0	0	0	0	1
Italy_Sardinia_Roman_IA_c_Punic_IA_d_Nuragic-oNorthAfrica	SARDINIA	Italy	EUROPE_CONTROL	0	1	0	0	0	0	0	0	1
Italy_Sardinia_Roman_IA_c_Punic_Nuragic-oEurope	SARDINIA	Italy	EUROPE_CONTROL	0	1	0	0	0	0	0	0	1
Italy_Sardinia_Roman_IA_c_Punic_Nuragic-oLevant	SARDINIA	Italy	EUROPE_CONTROL	0	1	0	0	0	0	0	0	1
Italy_Sardinia_MBA-o	SARDINIA	Italy	EUROPE_CONTROL	0	1	0	0	0	0	0	0	1
Italy_Sardinia_LateAntiquity	SARDINIA	Italy	EUROPE_CONTROL	1	0	0	0	0	0	0	0	1
Italy_Sardinia_AngheluRuju_MBA	SARDINIA	Italy	EUROPE_CONTROL	0	1	0	0	0	0	0	0	1
Italy_Sardinia_Punic_IA_d_ImperialRoman_Nuragic	SARDINIA	Italy	EUROPE_CONTROL	0	1	0	0	0	0	0	0	1
Italy_Sardinia_N_EBA	SARDINIA	Italy	EUROPE_CONTROL	0	1	0	0	0	0	0	0	1
Italy_Sicily_Himera_IA_b_Greek	SICILY	Italy	EUROPE_CONTROL	0	30	0	0	0	0	0	0	30
Italy_Sicily_IA_a_IA_b_Sicani	SICILY	Italy	EUROPE_CONTROL	0	25	0	0	0	0	0	0	25
Italy_Sicily_EBA	SICILY	Italy	EUROPE_CONTROL	0	14	0	0	0	0	0	0	14
Italy_Sicily_IA_b_IA_c_Punic	SICILY	Italy	EUROPE_CONTROL	0	13	0	0	0	0	0	0	13
Italy_Sicily_IA_b_Punic	SICILY	Italy	EUROPE_CONTROL	0	12	0	0	0	0	0	0	12
Italy_Sicily_Epigravettian	SICILY	Italy	EUROPE_CONTROL	0	0	7	3	0	0	0	0	10
Italy_Sicily_MN	SICILY	Italy	EUROPE_CONTROL	0	1	7	0	0	0	0	0	8
Italy_Sicily_IA_a_IA_b_Punic	SICILY	Italy	EUROPE_CONTROL	0	8	0	0	0	0	0	0	8
Italy_Sicily_ImperialRoman_Sicilia	SICILY	Italy	EUROPE_CONTROL	8	0	0	0	0	0	0	0	8
Italy_Sicily_IA_c_Punic_IA_d	SICILY	Italy	EUROPE_CONTROL	0	6	0	0	0	0	0	0	6
Italy_Sicily_IA_c_Punic	SICILY	Italy	EUROPE_CONTROL	0	6	0	0	0	0	0	0	6
Italy_Sicily_N_Stentinello	SICILY	Italy	EUROPE_CONTROL	0	0	4	0	0	0	0	0	4
Italy_Sicily_LBA	SICILY	Italy	EUROPE_CONTROL	0	4	0	0	0	0	0	0	4
Italy_Sicily_MBA	SICILY	Italy	EUROPE_CONTROL	0	4	0	0	0	0	0	0	4
Italy_Sicily_Mesolithic	SICILY	Italy	EUROPE_CONTROL	0	0	3	0	0	0	0	0	3
Italy_Sicily_Himera_IA_b_Greek-oAegean	SICILY	Italy	EUROPE_CONTROL	0	3	0	0	0	0	0	0	3
Italy_Sicily_Punic_IA_d	SICILY	Italy	EUROPE_CONTROL	0	3	0	0	0	0	0	0	3
Italy_Sicily_MBA-3	SICILY	Italy	EUROPE_CONTROL	0	2	0	0	0	0	0	0	2
Italy_Sicily_MBA-2	SICILY	Italy	EUROPE_CONTROL	0	2	0	0	0	0	0	0	2
Italy_Sicily_LateAntiquity_ImperialRoman_Sicilia	SICILY	Italy	EUROPE_CONTROL	2	0	0	0	0	0	0	0	2
Italy_Sicily_IA_b_Punic-oEurope	SICILY	Italy	EUROPE_CONTROL	0	2	0	0	0	0	0	0	2
Italy_Sicily_LBA_IA_a_Punic	SICILY	Italy	EUROPE_CONTROL	0	1	0	0	0	0	0	0	1
Italy_Sicily_C-o	SICILY	Italy	EUROPE_CONTROL	0	1	0	0	0	0	0	0	1
Italy_Sicily_EBA-2	SICILY	Italy	EUROPE_CONTROL	0	1	0	0	0	0	0	0	1
Italy_Sicily_BellBeaker	SICILY	Italy	EUROPE_CONTROL	0	1	0	0	0	0	0	0	1
Italy_Sicily_EBA-1	SICILY	Italy	EUROPE_CONTROL	0	1	0	0	0	0	0	0	1
Italy_Sicily_EN	SICILY	Italy	EUROPE_CONTROL	0	0	1	0	0	0	0	0	1
Italy_Sicily_Roman_Punic	SICILY	Italy	EUROPE_CONTROL	0	1	0	0	0	0	0	0	1
Italy_Sicily_Himera_IA_b_Greek-1	SICILY	Italy	EUROPE_CONTROL	0	1	0	0	0	0	0	0	1
Italy_Sicily_IA_d_ImperialRoman_Sicilia	SICILY	Italy	EUROPE_CONTROL	1	0	0	0	0	0	0	0	1
Italy_Sicily_MBA-oAfrica	SICILY	Italy	EUROPE_CONTROL	0	1	0	0	0	0	0	0	1
Italy_Sicily_BA_IA_Unknown	SICILY	Italy	EUROPE_CONTROL	0	1	0	0	0	0	0	0	1
Italy_Sicily_LatePunic	SICILY	Italy	EUROPE_CONTROL	0	1	0	0	0	0	0	0	1
Italy_Sicily_Roman_LateAntiquity_Sicilia	SICILY	Italy	EUROPE_CONTROL	1	0	0	0	0	0	0	0	1
Italy_Sicily_IA_b_Punic-oAfrica	SICILY	Italy	EUROPE_CONTROL	0	1	0	0	0	0	0	0	1
Italy_Sicily_Himera_IA_b_Greek-oNorthEurope	SICILY	Italy	EUROPE_CONTROL	0	1	0	0	0	0	0	0	1
Italy_Sicily_Epigravettian_HG	SICILY	Italy	EUROPE_CONTROL	0	0	0	1	0	0	0	0	1
Italy_Sicily_Himera_IA_b_Greek-oEast	SICILY	Italy	EUROPE_CONTROL	0	1	0	0	0	0	0	0	1
