population	region	country	T0	T1	T2	T3	T4	T5	T6	UNDATED	TOTAL
Algeria_Afalou_Paleolithic	MAGHREB	Algeria	0	0	0	1	0	0	0	0	1
Algeria_KhenchelaCave_IA	MAGHREB	Algeria	0	1	0	0	0	0	0	0	1
Algeria_Numidia_Roman_Berber	MAGHREB	Algeria	3	0	0	0	0	0	0	0	3
BedouinA	LEVANT	Israel	25	0	0	0	0	0	0	0	25
BedouinB	LEVANT	Israel	21	0	0	0	0	0	0	0	21
BedouinB_1	LEVANT	Israel	1	0	0	0	0	0	0	0	1
BedouinB_2	LEVANT	Israel	1	0	0	0	0	0	0	0	1
Cyprus_C	LEVANT	Cyprus	0	1	0	0	0	0	0	0	1
Cyprus_PPNB	LEVANT	Cyprus	0	0	1	0	0	0	0	0	1
Druze	LEVANT	Israel	44	0	0	0	0	0	0	0	44
Egypt_AbusirelMeleq_ThirdIntermediatePeriod	NORTH_AFRICA_EAST	Egypt	0	1	0	0	0	0	0	0	1
Egypt_Nuwayrat_EDynastic	NORTH_AFRICA_EAST	Egypt	0	1	0	0	0	0	0	0	1
Gibraltar_EBA	IBERIA	Gibraltar	0	3	0	0	0	0	0	0	3
Gibraltar_EN	IBERIA	Gibraltar	0	0	1	0	0	0	0	0	1
IBS	IBERIA	Spain	45	0	0	0	0	0	0	0	45
IBS-1	IBERIA	Spain	1	0	0	0	0	0	0	0	1
IBS_CanaryIslands	IBERIA	Spain	2	0	0	0	0	0	0	0	2
Israel_C	LEVANT	Israel	0	0	1	0	0	0	0	0	1
Israel_IA	LEVANT	Israel	0	1	0	0	0	0	0	0	1
Israel_IA-o	LEVANT	Israel	0	1	0	0	0	0	0	0	1
Israel_IA1	LEVANT	Israel	0	2	0	0	0	0	0	0	2
Israel_IA1-o	LEVANT	Israel	0	1	0	0	0	0	0	0	1
Israel_IA2	LEVANT	Israel	0	3	0	0	0	0	0	0	3
Israel_IBA	LEVANT	Israel	0	1	0	0	0	0	0	0	1
Israel_LBA	LEVANT	Israel	0	4	0	0	0	0	0	0	4
Israel_LateC	LEVANT	Israel	0	4	15	0	0	0	0	0	19
Israel_LateC-2	LEVANT	Israel	0	0	1	0	0	0	0	0	1
Israel_MLBA	LEVANT	Israel	0	40	0	0	0	0	0	0	40
Israel_MLBA-o	LEVANT	Israel	0	2	0	0	0	0	0	0	2
Israel_MLBA-oCaucasus	LEVANT	Israel	0	1	0	0	0	0	0	0	1
Israel_Medieval-oNorthAfrica	LEVANT	Israel	2	0	0	0	0	0	0	0	2
Israel_Natufian	LEVANT	Israel	0	0	0	12	0	0	0	0	12
Israel_PPNB_LN	LEVANT	Israel	0	0	1	0	0	0	0	0	1
Israel_Phoenician	LEVANT	Israel	0	15	0	0	0	0	0	0	15
Jordan_EBA	LEVANT	Jordan	0	8	0	0	0	0	0	0	8
Jordan_LBA	LEVANT	Jordan	0	20	0	0	0	0	0	0	20
Jordan_LBA-o	LEVANT	Jordan	0	1	0	0	0	0	0	0	1
Jordan_PPNB	LEVANT	Jordan	0	0	12	0	0	0	0	0	12
Jordan_PPNB_LN	LEVANT	Jordan	0	0	1	0	0	0	0	0	1
Jordan_PPNC	LEVANT	Jordan	0	0	5	0	0	0	0	0	5
Jordanian	LEVANT	Jordan	3	0	0	0	0	0	0	0	3
Lebanon_Chhim_Medieval-o	LEVANT	Lebanon	1	0	0	0	0	0	0	0	1
Lebanon_Hellenistic	LEVANT	Lebanon	0	2	0	0	0	0	0	0	2
Lebanon_IA2	LEVANT	Lebanon	0	1	0	0	0	0	0	0	1
Lebanon_IA3	LEVANT	Lebanon	0	6	0	0	0	0	0	0	6
Lebanon_IA3-1	LEVANT	Lebanon	0	1	0	0	0	0	0	0	1
Lebanon_ImperialRoman	LEVANT	Lebanon	2	1	0	0	0	0	0	0	3
Lebanon_LateAntiquity_ImperialRoman_Roman	LEVANT	Lebanon	2	0	0	0	0	0	0	0	2
Lebanon_LateAntiquity_Roman	LEVANT	Lebanon	1	0	0	0	0	0	0	0	1
Lebanon_MBA	LEVANT	Lebanon	0	4	0	0	0	0	0	0	4
Lebanon_Medieval	LEVANT	Lebanon	7	0	0	0	0	0	0	0	7
Lebanon_Medieval-1	LEVANT	Lebanon	1	0	0	0	0	0	0	0	1
Lebanon_Medieval-2	LEVANT	Lebanon	2	0	0	0	0	0	0	0	2
Lebanon_Medieval-3	LEVANT	Lebanon	1	0	0	0	0	0	0	0	1
Lebanon_Medieval-4	LEVANT	Lebanon	1	0	0	0	0	0	0	0	1
Lebanon_Medieval-5	LEVANT	Lebanon	1	0	0	0	0	0	0	0	1
Lebanon_Roman	LEVANT	Lebanon	1	0	0	0	0	0	0	0	1
Morocco_EN	MAGHREB	Morocco	0	1	7	0	0	0	0	0	8
Morocco_Epipaleolithic	MAGHREB	Morocco	0	0	1	0	0	0	0	0	1
Morocco_Iberomaurusian	MAGHREB	Morocco	0	0	0	5	0	0	0	0	5
Morocco_KafTahtelGhar_Iberomaurusian	MAGHREB	Morocco	0	0	1	0	0	0	0	0	1
Morocco_LN	MAGHREB	Morocco	0	2	0	0	0	0	0	0	2
Morocco_MN	MAGHREB	Morocco	0	0	1	0	0	0	0	0	1
Morocco_N	MAGHREB	Morocco	0	0	1	0	0	0	0	0	1
Mozabite	MAGHREB	Algeria	29	0	0	0	0	0	0	0	29
Palestinian	LEVANT	Israel	49	0	0	0	0	0	0	0	49
Portugal_BA	IBERIA	Portugal	13	0	0	0	0	0	0	0	13
Portugal_C	IBERIA	Portugal	1	12	0	0	0	0	0	0	13
Portugal_EBA	IBERIA	Portugal	0	3	0	0	0	0	0	0	3
Portugal_EN_Cardial	IBERIA	Portugal	0	0	2	0	0	0	0	0	2
Portugal_EarlyMedieval	IBERIA	Portugal	5	0	0	0	0	0	0	0	5
Portugal_Gruta_do_Caldeirao_Medieval_Visigoth	IBERIA	Portugal	2	0	0	0	0	0	0	0	2
Portugal_Islamic	IBERIA	Portugal	9	0	0	0	0	0	0	0	9
Portugal_KingdomOfPortugal	IBERIA	Portugal	26	0	0	0	0	0	0	0	26
Portugal_LBA	IBERIA	Portugal	0	2	0	0	0	0	0	0	2
Portugal_LN	IBERIA	Portugal	0	2	0	0	0	0	0	0	2
Portugal_LN_C	IBERIA	Portugal	0	8	0	0	0	0	0	0	8
Portugal_LN_C-o	IBERIA	Portugal	0	1	0	0	0	0	0	0	1
Portugal_LateAntiquity_ImperialRoman_Roman	IBERIA	Portugal	8	0	0	0	0	0	0	0	8
Portugal_LateAntiquity_ImperialRoman_Roman-oAfrica	IBERIA	Portugal	1	0	0	0	0	0	0	0	1
Portugal_LateAntiquity_Roman-oAfrica	IBERIA	Portugal	1	0	0	0	0	0	0	0	1
Portugal_LateRoman	IBERIA	Portugal	3	0	0	0	0	0	0	0	3
Portugal_MBA	IBERIA	Portugal	0	4	0	0	0	0	0	0	4
Portugal_MN	IBERIA	Portugal	0	6	0	0	0	0	0	0	6
Portugal_Megalithic_LN	IBERIA	Portugal	0	2	0	0	0	0	0	0	2
Portugal_Mesolithic	IBERIA	Portugal	0	0	1	0	0	0	0	0	1
Portugal_N	IBERIA	Portugal	0	10	0	0	0	0	0	0	10
Portugal_NapoleonicWar	IBERIA	Portugal	2	0	0	0	0	0	0	0	2
Portugal_PostMedieval	IBERIA	Portugal	1	0	0	0	0	0	0	0	1
Portugal_Reconquista	IBERIA	Portugal	6	0	0	0	0	0	0	0	6
Portugal_Roman	IBERIA	Portugal	6	0	0	0	0	0	0	0	6
Saharawi	MAGHREB	Morocco	2	0	0	0	0	0	0	0	2
Samaritan	LEVANT	Israel	1	0	0	0	0	0	0	0	1
Spain_Angostura_LateMiddleAges	IBERIA	Spain	1	0	0	0	0	0	0	0	1
Spain_Antoncojo_EarlyMiddleAges	IBERIA	Spain	1	0	0	0	0	0	0	0	1
Spain_Arenas_MiddleAges	IBERIA	Spain	1	0	0	0	0	0	0	0	1
Spain_Azilian	IBERIA	Spain	0	0	1	0	0	0	0	0	1
Spain_BA	IBERIA	Spain	0	24	0	0	0	0	0	0	24
Spain_BA-oSteppe	IBERIA	Spain	0	1	0	0	0	0	0	0	1
Spain_BarrancoMajona_LateMiddleAges	IBERIA	Spain	2	0	0	0	0	0	0	0	2
Spain_C	IBERIA	Spain	0	97	0	0	0	0	0	0	97
Spain_C-oAfrica	IBERIA	Spain	0	1	0	0	0	0	0	0	1
Spain_C-oSteppe	IBERIA	Spain	0	13	0	0	0	0	0	0	13
Spain_C_IA_c	IBERIA	Spain	0	3	0	0	0	0	0	0	3
Spain_Camino_de_las_Yeseras_MigrationPeriod_Visigoth	IBERIA	Spain	2	0	0	0	0	0	0	0	2
Spain_Carolingian	IBERIA	Spain	5	0	0	0	0	0	0	0	5
Spain_Cascajo_LateMiddleAges	IBERIA	Spain	1	0	0	0	0	0	0	0	1
Spain_Classical_Greek	IBERIA	Spain	0	5	0	0	0	0	0	0	5
Spain_Classical_Greek-oAegean	IBERIA	Spain	0	1	0	0	0	0	0	0	1
Spain_Cuermeja_LateMiddleAges	IBERIA	Spain	1	0	0	0	0	0	0	0	1
Spain_EBA	IBERIA	Spain	0	70	0	0	0	0	0	0	70
Spain_EBA_African	IBERIA	Spain	0	1	0	0	0	0	0	0	1
Spain_EBA_Argar	IBERIA	Spain	0	14	0	0	0	0	0	0	14
Spain_EBA_BA_Argar	IBERIA	Spain	0	9	0	0	0	0	0	0	9
Spain_EIA_Tartessian	IBERIA	Spain	0	1	0	0	0	0	0	0	1
Spain_EN	IBERIA	Spain	0	0	19	0	0	0	0	0	19
Spain_EN-o	IBERIA	Spain	0	0	1	0	0	0	0	0	1
Spain_Early	IBERIA	Spain	0	1	0	0	0	0	0	0	1
Spain_EarlyMedieval	IBERIA	Spain	5	0	0	0	0	0	0	0	5
Spain_ElAgujero_LateMiddleAges	IBERIA	Spain	1	0	0	0	0	0	0	0	1
Spain_ElHormiguero_LateAntiquity	IBERIA	Spain	1	0	0	0	0	0	0	0	1
Spain_ElHormiguero_MiddleAges	IBERIA	Spain	2	0	0	0	0	0	0	0	2
Spain_ElPortillo_LateMiddleAges	IBERIA	Spain	1	0	0	0	0	0	0	0	1
Spain_Emirate_Islamic	IBERIA	Spain	1	0	0	0	0	0	0	0	1
Spain_Estevillas_Virgen_de_la_Torre_MigrationPeriod_Visigoth	IBERIA	Spain	3	0	0	0	0	0	0	0	3
Spain_Gerian_MiddleAges	IBERIA	Spain	1	0	0	0	0	0	0	0	1
Spain_Gravettian	IBERIA	Spain	0	0	0	0	1	0	0	0	1
Spain_Guayadeque_EarlyMiddleAges	IBERIA	Spain	1	0	0	0	0	0	0	0	1
Spain_Guayadeque_LateAntiquity	IBERIA	Spain	3	0	0	0	0	0	0	0	3
Spain_HuertodelosMorales_LateAntiquity	IBERIA	Spain	1	0	0	0	0	0	0	0	1
Spain_IA	IBERIA	Spain	0	15	0	0	0	0	0	0	15
Spain_IA-o	IBERIA	Spain	0	2	0	0	0	0	0	0	2
Spain_IA_CeltIberian	IBERIA	Spain	0	4	0	0	0	0	0	0	4
Spain_IA_CeltIberian-o	IBERIA	Spain	0	1	0	0	0	0	0	0	1
Spain_IA_Tartessian	IBERIA	Spain	0	2	0	0	0	0	0	0	2
Spain_ImperialRoman-oAegean	IBERIA	Spain	1	0	0	0	0	0	0	0	1
Spain_ImperialRoman-oAfrica	IBERIA	Spain	1	0	0	0	0	0	0	0	1
Spain_ImperialRoman-oAfrica2	IBERIA	Spain	1	0	0	0	0	0	0	0	1
Spain_ImperialRoman-oLocal	IBERIA	Spain	3	0	0	0	0	0	0	0	3
Spain_ImperialRoman-oMixed	IBERIA	Spain	3	0	0	0	0	0	0	0	3
Spain_Islamic	IBERIA	Spain	1	0	0	0	0	0	0	0	1
Spain_LBA	IBERIA	Spain	0	9	0	0	0	0	0	0	9
Spain_LBA-2	IBERIA	Spain	0	1	0	0	0	0	0	0	1
Spain_LBA_Menorca	IBERIA	Spain	0	1	0	0	0	0	0	0	1
Spain_LIA	IBERIA	Spain	0	5	0	0	0	0	0	0	5
Spain_LN_BA_LatePunic-oLNBA	IBERIA	Spain	0	2	0	0	0	0	0	0	2
Spain_LaFortaleza_LateAntiquity	IBERIA	Spain	1	0	0	0	0	0	0	0	1
Spain_LateAntiquity	IBERIA	Spain	17	0	0	0	0	0	0	0	17
Spain_LateAntiquity_Christian	IBERIA	Spain	30	0	0	0	0	0	0	0	30
Spain_LateAntiquity_ImperialRoman	IBERIA	Spain	5	0	0	0	0	0	0	0	5
Spain_LateAntiquity_ImperialRoman-oAfrica	IBERIA	Spain	2	0	0	0	0	0	0	0	2
Spain_LateAntiquity_ImperialRoman-oLocal	IBERIA	Spain	1	0	0	0	0	0	0	0	1
Spain_LateArchaic_Classical_Hellenistic	IBERIA	Spain	0	23	0	0	0	0	0	0	23
Spain_LateArchaic_Classical_Hellenistic-oAegean	IBERIA	Spain	0	6	0	0	0	0	0	0	6
Spain_LateArchaic_Classical_Hellenistic-oLocal	IBERIA	Spain	0	2	0	0	0	0	0	0	2
Spain_LatePunic	IBERIA	Spain	0	11	0	0	0	0	0	0	11
Spain_LatePunic-1	IBERIA	Spain	0	1	0	0	0	0	0	0	1
Spain_LatePunic-o	IBERIA	Spain	0	8	0	0	0	0	0	0	8
Spain_LatePunic-oAfrica	IBERIA	Spain	0	2	0	0	0	0	0	0	2
Spain_LosPasitos_MiddleAges	IBERIA	Spain	1	0	0	0	0	0	0	0	1
Spain_Los_Berrocales_MigrationPeriod_Visigoth	IBERIA	Spain	1	0	0	0	0	0	0	0	1
Spain_MBA	IBERIA	Spain	0	17	0	0	0	0	0	0	17
Spain_MLN	IBERIA	Spain	0	48	2	0	0	0	0	0	50
Spain_Magdalenian	IBERIA	Spain	0	0	0	1	0	0	0	0	1
Spain_Medieval	IBERIA	Spain	6	0	0	0	0	0	0	0	6
Spain_Medieval-oNearEast	IBERIA	Spain	1	0	0	0	0	0	0	0	1
Spain_Medieval_Islamic	IBERIA	Spain	10	0	0	0	0	0	0	0	10
Spain_Medieval_Islamic_Zira	IBERIA	Spain	3	0	0	0	0	0	0	0	3
Spain_Medieval_Visigoth	IBERIA	Spain	1	0	0	0	0	0	0	0	1
Spain_Mesolithic	IBERIA	Spain	0	0	14	0	0	0	0	0	14
Spain_MontanaMina_MiddleAges	IBERIA	Spain	1	0	0	0	0	0	0	0	1
Spain_MonterreyEstiviel_MigrationPeriod_Visigoth	IBERIA	Spain	1	0	0	0	0	0	0	0	1
Spain_NazariPeriod_African_Muslim	IBERIA	Spain	1	0	0	0	0	0	0	0	1
Spain_NazariPeriod_LateMuslim	IBERIA	Spain	2	0	0	0	0	0	0	0	2
Spain_NazariPeriod_Muslim	IBERIA	Spain	5	0	0	0	0	0	0	0	5
Spain_NazariPeriod_Muslim-o	IBERIA	Spain	1	0	0	0	0	0	0	0	1
Spain_Punic	IBERIA	Spain	0	6	0	0	0	0	0	0	6
Spain_Punic-2	IBERIA	Spain	0	2	0	0	0	0	0	0	2
Spain_Punic-oEurope	IBERIA	Spain	0	1	0	0	0	0	0	0	1
Spain_Punic_African	IBERIA	Spain	0	1	0	0	0	0	0	0	1
Spain_PuntaAzul_LateMiddleAges	IBERIA	Spain	2	0	0	0	0	0	0	0	2
Spain_PuntaAzul_MiddleAges	IBERIA	Spain	2	0	0	0	0	0	0	0	2
Spain_Roman-oAfrica1	IBERIA	Spain	1	0	0	0	0	0	0	0	1
Spain_Roman-oAfrica2	IBERIA	Spain	1	0	0	0	0	0	0	0	1
Spain_Roman-oAfrica3	IBERIA	Spain	1	0	0	0	0	0	0	0	1
Spain_Roman-oEurope	IBERIA	Spain	0	1	0	0	0	0	0	0	1
Spain_Roman-oEurope2	IBERIA	Spain	1	0	0	0	0	0	0	0	1
Spain_Roman_LateAntiquity-oAfrica	IBERIA	Spain	2	0	0	0	0	0	0	0	2
Spain_Roman_LateAntiquity-oMixed	IBERIA	Spain	1	0	0	0	0	0	0	0	1
Spain_SE_Iberia	IBERIA	Spain	0	2	0	0	0	0	0	0	2
Spain_SE_Iberia_C	IBERIA	Spain	0	20	0	0	0	0	0	0	20
Spain_SW_Iberia	IBERIA	Spain	0	1	0	0	0	0	0	0	1
Spain_SW_Iberia_BA	IBERIA	Spain	0	1	0	0	0	0	0	0	1
Spain_SW_Iberia_C	IBERIA	Spain	0	8	0	0	0	0	0	0	8
Spain_SW_Iberia_C-o	IBERIA	Spain	0	1	0	0	0	0	0	0	1
Spain_Salitre_MiddleAges	IBERIA	Spain	1	0	0	0	0	0	0	0	1
Spain_SaltoCasimiro_MiddleAges	IBERIA	Spain	1	0	0	0	0	0	0	0	1
Spain_Solutrean	IBERIA	Spain	0	0	0	0	1	0	0	0	1
Spain_UP_HG	IBERIA	Spain	0	0	0	0	1	0	0	0	1
Spain_Zapateria_EBA_Argar	IBERIA	Spain	0	1	0	0	0	0	0	0	1
Spanish	IBERIA	Spain	53	0	0	0	0	0	0	0	53
Spanish-1	IBERIA	Spain	1	0	0	0	0	0	0	0	1
Spanish_North	IBERIA	Spain	5	0	0	0	0	0	0	0	5
Sudan_Kulubnarti21R2_KulubnartiR_Christian	NORTH_AFRICA_EAST	Sudan	12	0	0	0	0	0	0	0	12
Sudan_Kulubnarti21R2_KulubnartiR_Christian-oNilotic	NORTH_AFRICA_EAST	Sudan	2	0	0	0	0	0	0	0	2
Sudan_Kulubnarti21S46_KulubnartiS_Christian	NORTH_AFRICA_EAST	Sudan	14	0	0	0	0	0	0	0	14
Sudan_KulubnartiR_Christian	NORTH_AFRICA_EAST	Sudan	11	0	0	0	0	0	0	0	11
Sudan_KulubnartiR_Christian-oNilotic	NORTH_AFRICA_EAST	Sudan	1	0	0	0	0	0	0	0	1
Sudan_KulubnartiS_Christian	NORTH_AFRICA_EAST	Sudan	22	0	0	0	0	0	0	0	22
Sudan_KulubnartiS_Christian-oNilotic	NORTH_AFRICA_EAST	Sudan	2	0	0	0	0	0	0	0	2
Sudan_KulubnartiS_Christian-oWestEurasia	NORTH_AFRICA_EAST	Sudan	1	0	0	0	0	0	0	0	1
Syria_EMBA	LEVANT	Syria	0	12	0	0	0	0	0	0	12
Syria_EarlyMedieval_Byzantine_Byzantine	LEVANT	Syria	1	0	0	0	0	0	0	0	1
Syria_Medieval-oAfrica	LEVANT	Syria	1	0	0	0	0	0	0	0	1
Syria_Umayyad	LEVANT	Syria	2	0	0	0	0	0	0	0	2
Tunisia_LN	MAGHREB	Tunisia	0	1	0	0	0	0	0	0	1
Tunisia_N	MAGHREB	Tunisia	0	0	2	0	0	0	0	0	2
Tunisia_N-1	MAGHREB	Tunisia	0	0	2	0	0	0	0	0	2
Tunisia_N-2	MAGHREB	Tunisia	0	0	3	0	0	0	0	0	3
Tunisia_Punic	MAGHREB	Tunisia	0	42	0	0	0	0	0	0	42
Tunisia_Punic-oAfrica	MAGHREB	Tunisia	0	7	0	0	0	0	0	0	7
Tunisia_Punic-oAfrica1	MAGHREB	Tunisia	0	4	0	0	0	0	0	0	4
Tunisia_Punic-oAfrica2	MAGHREB	Tunisia	0	6	0	0	0	0	0	0	6
