pop1	pop2	pop3	pop4	phase	description	usable	skip_reason
MAGHREB_T0	AFRICA_W_T0	IBERIA_T1	BALKANS_T5	A_cross	f4(MAGHREB_T0, Africa; IBERIA_T1, BALKANS_T5) [cross-layer]	PARTIAL	n<2: BALKANS_T5
MAGHREB_T0	AFRICA_W_T0	IBERIA_T1	ANATOLIA_T3	A_cross	f4(MAGHREB_T0, Africa; IBERIA_T1, ANATOLIA_T3) [cross-layer]	PARTIAL	n<2: ANATOLIA_T3
MAGHREB_T0	AFRICA_W_T0	IBERIA_T1	EUROPE_NW_T5	A_cross	f4(MAGHREB_T0, Africa; IBERIA_T1, EUROPE_NW_T5) [cross-layer]	PARTIAL	n<2: EUROPE_NW_T5
MAGHREB_T0	AFRICA_W_T0	IBERIA_T2	BALKANS_T5	A_cross	f4(MAGHREB_T0, Africa; IBERIA_T2, BALKANS_T5) [cross-layer]	PARTIAL	n<2: BALKANS_T5
MAGHREB_T0	AFRICA_W_T0	IBERIA_T2	ANATOLIA_T3	A_cross	f4(MAGHREB_T0, Africa; IBERIA_T2, ANATOLIA_T3) [cross-layer]	PARTIAL	n<2: ANATOLIA_T3
MAGHREB_T0	AFRICA_W_T0	IBERIA_T2	EUROPE_NW_T5	A_cross	f4(MAGHREB_T0, Africa; IBERIA_T2, EUROPE_NW_T5) [cross-layer]	PARTIAL	n<2: EUROPE_NW_T5
MAGHREB_T0	AFRICA_W_T0	IBERIA_T3	LEVANT_T0	A	f4(MAGHREB_T0, Africa; IBERIA_T3, LEVANT_T0)	PARTIAL	n<2: IBERIA_T3
MAGHREB_T0	AFRICA_W_T0	IBERIA_T3	LEVANT_T3	A	f4(MAGHREB_T0, Africa; IBERIA_T3, LEVANT_T3)	PARTIAL	n<2: IBERIA_T3
MAGHREB_T0	AFRICA_W_T0	IBERIA_T3	ITALY_T0	A	f4(MAGHREB_T0, Africa; IBERIA_T3, ITALY_T0)	PARTIAL	n<2: IBERIA_T3
MAGHREB_T0	AFRICA_W_T0	IBERIA_T3	ITALY_T3	A	f4(MAGHREB_T0, Africa; IBERIA_T3, ITALY_T3)	PARTIAL	n<2: IBERIA_T3
MAGHREB_T0	AFRICA_W_T0	IBERIA_T3	SICILY_T0	A	f4(MAGHREB_T0, Africa; IBERIA_T3, SICILY_T0)	PARTIAL	n<2: IBERIA_T3
MAGHREB_T0	AFRICA_W_T0	IBERIA_T3	SICILY_T3	A	f4(MAGHREB_T0, Africa; IBERIA_T3, SICILY_T3)	PARTIAL	n<2: IBERIA_T3
MAGHREB_T0	AFRICA_W_T0	IBERIA_T3	SARDINIA_T0	A	f4(MAGHREB_T0, Africa; IBERIA_T3, SARDINIA_T0)	PARTIAL	n<2: IBERIA_T3
MAGHREB_T0	AFRICA_W_T0	IBERIA_T3	GREECE_T0	A	f4(MAGHREB_T0, Africa; IBERIA_T3, GREECE_T0)	PARTIAL	n<2: IBERIA_T3
MAGHREB_T0	AFRICA_W_T0	IBERIA_T3	BALKANS_T0	A	f4(MAGHREB_T0, Africa; IBERIA_T3, BALKANS_T0)	PARTIAL	n<2: IBERIA_T3
MAGHREB_T0	AFRICA_W_T0	IBERIA_T3	ANATOLIA_T3	A	f4(MAGHREB_T0, Africa; IBERIA_T3, ANATOLIA_T3)	PARTIAL	n<2: IBERIA_T3, ANATOLIA_T3
MAGHREB_T0	AFRICA_W_T0	IBERIA_T3	ANATOLIA_T0	A	f4(MAGHREB_T0, Africa; IBERIA_T3, ANATOLIA_T0)	PARTIAL	n<2: IBERIA_T3
MAGHREB_T0	AFRICA_W_T0	IBERIA_T3	EUROPE_NW_T3	A	f4(MAGHREB_T0, Africa; IBERIA_T3, EUROPE_NW_T3)	PARTIAL	n<2: IBERIA_T3
MAGHREB_T0	AFRICA_W_T0	IBERIA_T3	EUROPE_NW_T0	A	f4(MAGHREB_T0, Africa; IBERIA_T3, EUROPE_NW_T0)	PARTIAL	n<2: IBERIA_T3
MAGHREB_T0	AFRICA_W_T0	IBERIA_T3	EUROPE_CENTRAL_T3	A	f4(MAGHREB_T0, Africa; IBERIA_T3, EUROPE_CENTRAL_T3)	PARTIAL	n<2: IBERIA_T3
MAGHREB_T0	AFRICA_W_T0	IBERIA_T3	EUROPE_CENTRAL_T0	A	f4(MAGHREB_T0, Africa; IBERIA_T3, EUROPE_CENTRAL_T0)	PARTIAL	n<2: IBERIA_T3
MAGHREB_T0	AFRICA_W_T0	IBERIA_T3	LEVANT_T0	A_cross	f4(MAGHREB_T0, Africa; IBERIA_T3, LEVANT_T0) [cross-layer]	PARTIAL	n<2: IBERIA_T3
MAGHREB_T0	AFRICA_W_T0	IBERIA_T3	LEVANT_T1	A_cross	f4(MAGHREB_T0, Africa; IBERIA_T3, LEVANT_T1) [cross-layer]	PARTIAL	n<2: IBERIA_T3
MAGHREB_T0	AFRICA_W_T0	IBERIA_T3	LEVANT_T2	A_cross	f4(MAGHREB_T0, Africa; IBERIA_T3, LEVANT_T2) [cross-layer]	PARTIAL	n<2: IBERIA_T3
MAGHREB_T0	AFRICA_W_T0	IBERIA_T3	LEVANT_T3	A_cross	f4(MAGHREB_T0, Africa; IBERIA_T3, LEVANT_T3) [cross-layer]	PARTIAL	n<2: IBERIA_T3
MAGHREB_T0	AFRICA_W_T0	IBERIA_T3	ITALY_T0	A_cross	f4(MAGHREB_T0, Africa; IBERIA_T3, ITALY_T0) [cross-layer]	PARTIAL	n<2: IBERIA_T3
MAGHREB_T0	AFRICA_W_T0	IBERIA_T3	ITALY_T3	A_cross	f4(MAGHREB_T0, Africa; IBERIA_T3, ITALY_T3) [cross-layer]	PARTIAL	n<2: IBERIA_T3
MAGHREB_T0	AFRICA_W_T0	IBERIA_T3	ITALY_T1	A_cross	f4(MAGHREB_T0, Africa; IBERIA_T3, ITALY_T1) [cross-layer]	PARTIAL	n<2: IBERIA_T3
MAGHREB_T0	AFRICA_W_T0	IBERIA_T3	ITALY_T4	A_cross	f4(MAGHREB_T0, Africa; IBERIA_T3, ITALY_T4) [cross-layer]	PARTIAL	n<2: IBERIA_T3
MAGHREB_T0	AFRICA_W_T0	IBERIA_T3	ITALY_T2	A_cross	f4(MAGHREB_T0, Africa; IBERIA_T3, ITALY_T2) [cross-layer]	PARTIAL	n<2: IBERIA_T3
MAGHREB_T0	AFRICA_W_T0	IBERIA_T3	SICILY_T0	A_cross	f4(MAGHREB_T0, Africa; IBERIA_T3, SICILY_T0) [cross-layer]	PARTIAL	n<2: IBERIA_T3
MAGHREB_T0	AFRICA_W_T0	IBERIA_T3	SICILY_T3	A_cross	f4(MAGHREB_T0, Africa; IBERIA_T3, SICILY_T3) [cross-layer]	PARTIAL	n<2: IBERIA_T3
MAGHREB_T0	AFRICA_W_T0	IBERIA_T3	SICILY_T1	A_cross	f4(MAGHREB_T0, Africa; IBERIA_T3, SICILY_T1) [cross-layer]	PARTIAL	n<2: IBERIA_T3
MAGHREB_T0	AFRICA_W_T0	IBERIA_T3	SICILY_T2	A_cross	f4(MAGHREB_T0, Africa; IBERIA_T3, SICILY_T2) [cross-layer]	PARTIAL	n<2: IBERIA_T3
MAGHREB_T0	AFRICA_W_T0	IBERIA_T3	SARDINIA_T0	A_cross	f4(MAGHREB_T0, Africa; IBERIA_T3, SARDINIA_T0) [cross-layer]	PARTIAL	n<2: IBERIA_T3
MAGHREB_T0	AFRICA_W_T0	IBERIA_T3	SARDINIA_T2	A_cross	f4(MAGHREB_T0, Africa; IBERIA_T3, SARDINIA_T2) [cross-layer]	PARTIAL	n<2: IBERIA_T3
MAGHREB_T0	AFRICA_W_T0	IBERIA_T3	SARDINIA_T1	A_cross	f4(MAGHREB_T0, Africa; IBERIA_T3, SARDINIA_T1) [cross-layer]	PARTIAL	n<2: IBERIA_T3
MAGHREB_T0	AFRICA_W_T0	IBERIA_T3	GREECE_T1	A_cross	f4(MAGHREB_T0, Africa; IBERIA_T3, GREECE_T1) [cross-layer]	PARTIAL	n<2: IBERIA_T3
MAGHREB_T0	AFRICA_W_T0	IBERIA_T3	GREECE_T0	A_cross	f4(MAGHREB_T0, Africa; IBERIA_T3, GREECE_T0) [cross-layer]	PARTIAL	n<2: IBERIA_T3
MAGHREB_T0	AFRICA_W_T0	IBERIA_T3	GREECE_T2	A_cross	f4(MAGHREB_T0, Africa; IBERIA_T3, GREECE_T2) [cross-layer]	PARTIAL	n<2: IBERIA_T3
MAGHREB_T0	AFRICA_W_T0	IBERIA_T3	BALKANS_T0	A_cross	f4(MAGHREB_T0, Africa; IBERIA_T3, BALKANS_T0) [cross-layer]	PARTIAL	n<2: IBERIA_T3
MAGHREB_T0	AFRICA_W_T0	IBERIA_T3	BALKANS_T5	A_cross	f4(MAGHREB_T0, Africa; IBERIA_T3, BALKANS_T5) [cross-layer]	PARTIAL	n<2: IBERIA_T3, BALKANS_T5
MAGHREB_T0	AFRICA_W_T0	IBERIA_T3	BALKANS_T1	A_cross	f4(MAGHREB_T0, Africa; IBERIA_T3, BALKANS_T1) [cross-layer]	PARTIAL	n<2: IBERIA_T3
MAGHREB_T0	AFRICA_W_T0	IBERIA_T3	BALKANS_T2	A_cross	f4(MAGHREB_T0, Africa; IBERIA_T3, BALKANS_T2) [cross-layer]	PARTIAL	n<2: IBERIA_T3
MAGHREB_T0	AFRICA_W_T0	IBERIA_T3	BALKANS_T4	A_cross	f4(MAGHREB_T0, Africa; IBERIA_T3, BALKANS_T4) [cross-layer]	PARTIAL	n<2: IBERIA_T3
MAGHREB_T0	AFRICA_W_T0	IBERIA_T3	MALTA_T1	A_cross	f4(MAGHREB_T0, Africa; IBERIA_T3, MALTA_T1) [cross-layer]	PARTIAL	n<2: IBERIA_T3
MAGHREB_T0	AFRICA_W_T0	IBERIA_T3	ANATOLIA_T3	A_cross	f4(MAGHREB_T0, Africa; IBERIA_T3, ANATOLIA_T3) [cross-layer]	PARTIAL	n<2: IBERIA_T3, ANATOLIA_T3
MAGHREB_T0	AFRICA_W_T0	IBERIA_T3	ANATOLIA_T2	A_cross	f4(MAGHREB_T0, Africa; IBERIA_T3, ANATOLIA_T2) [cross-layer]	PARTIAL	n<2: IBERIA_T3
MAGHREB_T0	AFRICA_W_T0	IBERIA_T3	ANATOLIA_T1	A_cross	f4(MAGHREB_T0, Africa; IBERIA_T3, ANATOLIA_T1) [cross-layer]	PARTIAL	n<2: IBERIA_T3
MAGHREB_T0	AFRICA_W_T0	IBERIA_T3	ANATOLIA_T0	A_cross	f4(MAGHREB_T0, Africa; IBERIA_T3, ANATOLIA_T0) [cross-layer]	PARTIAL	n<2: IBERIA_T3
MAGHREB_T0	AFRICA_W_T0	IBERIA_T3	EUROPE_NW_T4	A_cross	f4(MAGHREB_T0, Africa; IBERIA_T3, EUROPE_NW_T4) [cross-layer]	PARTIAL	n<2: IBERIA_T3
MAGHREB_T0	AFRICA_W_T0	IBERIA_T3	EUROPE_NW_T3	A_cross	f4(MAGHREB_T0, Africa; IBERIA_T3, EUROPE_NW_T3) [cross-layer]	PARTIAL	n<2: IBERIA_T3
MAGHREB_T0	AFRICA_W_T0	IBERIA_T3	EUROPE_NW_T1	A_cross	f4(MAGHREB_T0, Africa; IBERIA_T3, EUROPE_NW_T1) [cross-layer]	PARTIAL	n<2: IBERIA_T3
MAGHREB_T0	AFRICA_W_T0	IBERIA_T3	EUROPE_NW_T5	A_cross	f4(MAGHREB_T0, Africa; IBERIA_T3, EUROPE_NW_T5) [cross-layer]	PARTIAL	n<2: IBERIA_T3, EUROPE_NW_T5
MAGHREB_T0	AFRICA_W_T0	IBERIA_T3	EUROPE_NW_T0	A_cross	f4(MAGHREB_T0, Africa; IBERIA_T3, EUROPE_NW_T0) [cross-layer]	PARTIAL	n<2: IBERIA_T3
MAGHREB_T0	AFRICA_W_T0	IBERIA_T3	EUROPE_NW_T2	A_cross	f4(MAGHREB_T0, Africa; IBERIA_T3, EUROPE_NW_T2) [cross-layer]	PARTIAL	n<2: IBERIA_T3
MAGHREB_T0	AFRICA_W_T0	IBERIA_T3	EUROPE_CENTRAL_T4	A_cross	f4(MAGHREB_T0, Africa; IBERIA_T3, EUROPE_CENTRAL_T4) [cross-layer]	PARTIAL	n<2: IBERIA_T3
MAGHREB_T0	AFRICA_W_T0	IBERIA_T3	EUROPE_CENTRAL_T1	A_cross	f4(MAGHREB_T0, Africa; IBERIA_T3, EUROPE_CENTRAL_T1) [cross-layer]	PARTIAL	n<2: IBERIA_T3
MAGHREB_T0	AFRICA_W_T0	IBERIA_T3	EUROPE_CENTRAL_T3	A_cross	f4(MAGHREB_T0, Africa; IBERIA_T3, EUROPE_CENTRAL_T3) [cross-layer]	PARTIAL	n<2: IBERIA_T3
MAGHREB_T0	AFRICA_W_T0	IBERIA_T3	EUROPE_CENTRAL_T0	A_cross	f4(MAGHREB_T0, Africa; IBERIA_T3, EUROPE_CENTRAL_T0) [cross-layer]	PARTIAL	n<2: IBERIA_T3
MAGHREB_T0	AFRICA_W_T0	IBERIA_T3	EUROPE_CENTRAL_T2	A_cross	f4(MAGHREB_T0, Africa; IBERIA_T3, EUROPE_CENTRAL_T2) [cross-layer]	PARTIAL	n<2: IBERIA_T3
MAGHREB_T1	AFRICA_W_T0	IBERIA_T0	BALKANS_T5	A_cross	f4(MAGHREB_T1, Africa; IBERIA_T0, BALKANS_T5) [cross-layer]	PARTIAL	n<2: BALKANS_T5
MAGHREB_T1	AFRICA_W_T0	IBERIA_T0	ANATOLIA_T3	A_cross	f4(MAGHREB_T1, Africa; IBERIA_T0, ANATOLIA_T3) [cross-layer]	PARTIAL	n<2: ANATOLIA_T3
MAGHREB_T1	AFRICA_W_T0	IBERIA_T0	EUROPE_NW_T5	A_cross	f4(MAGHREB_T1, Africa; IBERIA_T0, EUROPE_NW_T5) [cross-layer]	PARTIAL	n<2: EUROPE_NW_T5
MAGHREB_T1	AFRICA_W_T0	IBERIA_T2	BALKANS_T5	A_cross	f4(MAGHREB_T1, Africa; IBERIA_T2, BALKANS_T5) [cross-layer]	PARTIAL	n<2: BALKANS_T5
MAGHREB_T1	AFRICA_W_T0	IBERIA_T2	ANATOLIA_T3	A_cross	f4(MAGHREB_T1, Africa; IBERIA_T2, ANATOLIA_T3) [cross-layer]	PARTIAL	n<2: ANATOLIA_T3
MAGHREB_T1	AFRICA_W_T0	IBERIA_T2	EUROPE_NW_T5	A_cross	f4(MAGHREB_T1, Africa; IBERIA_T2, EUROPE_NW_T5) [cross-layer]	PARTIAL	n<2: EUROPE_NW_T5
MAGHREB_T1	AFRICA_W_T0	IBERIA_T3	LEVANT_T1	A	f4(MAGHREB_T1, Africa; IBERIA_T3, LEVANT_T1)	PARTIAL	n<2: IBERIA_T3
MAGHREB_T1	AFRICA_W_T0	IBERIA_T3	LEVANT_T3	A	f4(MAGHREB_T1, Africa; IBERIA_T3, LEVANT_T3)	PARTIAL	n<2: IBERIA_T3
MAGHREB_T1	AFRICA_W_T0	IBERIA_T3	ITALY_T3	A	f4(MAGHREB_T1, Africa; IBERIA_T3, ITALY_T3)	PARTIAL	n<2: IBERIA_T3
MAGHREB_T1	AFRICA_W_T0	IBERIA_T3	ITALY_T1	A	f4(MAGHREB_T1, Africa; IBERIA_T3, ITALY_T1)	PARTIAL	n<2: IBERIA_T3
MAGHREB_T1	AFRICA_W_T0	IBERIA_T3	SICILY_T3	A	f4(MAGHREB_T1, Africa; IBERIA_T3, SICILY_T3)	PARTIAL	n<2: IBERIA_T3
MAGHREB_T1	AFRICA_W_T0	IBERIA_T3	SICILY_T1	A	f4(MAGHREB_T1, Africa; IBERIA_T3, SICILY_T1)	PARTIAL	n<2: IBERIA_T3
MAGHREB_T1	AFRICA_W_T0	IBERIA_T3	SARDINIA_T1	A	f4(MAGHREB_T1, Africa; IBERIA_T3, SARDINIA_T1)	PARTIAL	n<2: IBERIA_T3
MAGHREB_T1	AFRICA_W_T0	IBERIA_T3	GREECE_T1	A	f4(MAGHREB_T1, Africa; IBERIA_T3, GREECE_T1)	PARTIAL	n<2: IBERIA_T3
MAGHREB_T1	AFRICA_W_T0	IBERIA_T3	BALKANS_T1	A	f4(MAGHREB_T1, Africa; IBERIA_T3, BALKANS_T1)	PARTIAL	n<2: IBERIA_T3
MAGHREB_T1	AFRICA_W_T0	IBERIA_T3	MALTA_T1	A	f4(MAGHREB_T1, Africa; IBERIA_T3, MALTA_T1)	PARTIAL	n<2: IBERIA_T3
MAGHREB_T1	AFRICA_W_T0	IBERIA_T3	ANATOLIA_T3	A	f4(MAGHREB_T1, Africa; IBERIA_T3, ANATOLIA_T3)	PARTIAL	n<2: IBERIA_T3, ANATOLIA_T3
MAGHREB_T1	AFRICA_W_T0	IBERIA_T3	ANATOLIA_T1	A	f4(MAGHREB_T1, Africa; IBERIA_T3, ANATOLIA_T1)	PARTIAL	n<2: IBERIA_T3
MAGHREB_T1	AFRICA_W_T0	IBERIA_T3	EUROPE_NW_T3	A	f4(MAGHREB_T1, Africa; IBERIA_T3, EUROPE_NW_T3)	PARTIAL	n<2: IBERIA_T3
MAGHREB_T1	AFRICA_W_T0	IBERIA_T3	EUROPE_NW_T1	A	f4(MAGHREB_T1, Africa; IBERIA_T3, EUROPE_NW_T1)	PARTIAL	n<2: IBERIA_T3
MAGHREB_T1	AFRICA_W_T0	IBERIA_T3	EUROPE_CENTRAL_T1	A	f4(MAGHREB_T1, Africa; IBERIA_T3, EUROPE_CENTRAL_T1)	PARTIAL	n<2: IBERIA_T3
MAGHREB_T1	AFRICA_W_T0	IBERIA_T3	EUROPE_CENTRAL_T3	A	f4(MAGHREB_T1, Africa; IBERIA_T3, EUROPE_CENTRAL_T3)	PARTIAL	n<2: IBERIA_T3
MAGHREB_T1	AFRICA_W_T0	IBERIA_T3	LEVANT_T0	A_cross	f4(MAGHREB_T1, Africa; IBERIA_T3, LEVANT_T0) [cross-layer]	PARTIAL	n<2: IBERIA_T3
MAGHREB_T1	AFRICA_W_T0	IBERIA_T3	LEVANT_T1	A_cross	f4(MAGHREB_T1, Africa; IBERIA_T3, LEVANT_T1) [cross-layer]	PARTIAL	n<2: IBERIA_T3
MAGHREB_T1	AFRICA_W_T0	IBERIA_T3	LEVANT_T2	A_cross	f4(MAGHREB_T1, Africa; IBERIA_T3, LEVANT_T2) [cross-layer]	PARTIAL	n<2: IBERIA_T3
MAGHREB_T1	AFRICA_W_T0	IBERIA_T3	LEVANT_T3	A_cross	f4(MAGHREB_T1, Africa; IBERIA_T3, LEVANT_T3) [cross-layer]	PARTIAL	n<2: IBERIA_T3
MAGHREB_T1	AFRICA_W_T0	IBERIA_T3	ITALY_T0	A_cross	f4(MAGHREB_T1, Africa; IBERIA_T3, ITALY_T0) [cross-layer]	PARTIAL	n<2: IBERIA_T3
MAGHREB_T1	AFRICA_W_T0	IBERIA_T3	ITALY_T3	A_cross	f4(MAGHREB_T1, Africa; IBERIA_T3, ITALY_T3) [cross-layer]	PARTIAL	n<2: IBERIA_T3
MAGHREB_T1	AFRICA_W_T0	IBERIA_T3	ITALY_T1	A_cross	f4(MAGHREB_T1, Africa; IBERIA_T3, ITALY_T1) [cross-layer]	PARTIAL	n<2: IBERIA_T3
MAGHREB_T1	AFRICA_W_T0	IBERIA_T3	ITALY_T4	A_cross	f4(MAGHREB_T1, Africa; IBERIA_T3, ITALY_T4) [cross-layer]	PARTIAL	n<2: IBERIA_T3
MAGHREB_T1	AFRICA_W_T0	IBERIA_T3	ITALY_T2	A_cross	f4(MAGHREB_T1, Africa; IBERIA_T3, ITALY_T2) [cross-layer]	PARTIAL	n<2: IBERIA_T3
MAGHREB_T1	AFRICA_W_T0	IBERIA_T3	SICILY_T0	A_cross	f4(MAGHREB_T1, Africa; IBERIA_T3, SICILY_T0) [cross-layer]	PARTIAL	n<2: IBERIA_T3
MAGHREB_T1	AFRICA_W_T0	IBERIA_T3	SICILY_T3	A_cross	f4(MAGHREB_T1, Africa; IBERIA_T3, SICILY_T3) [cross-layer]	PARTIAL	n<2: IBERIA_T3
MAGHREB_T1	AFRICA_W_T0	IBERIA_T3	SICILY_T1	A_cross	f4(MAGHREB_T1, Africa; IBERIA_T3, SICILY_T1) [cross-layer]	PARTIAL	n<2: IBERIA_T3
MAGHREB_T1	AFRICA_W_T0	IBERIA_T3	SICILY_T2	A_cross	f4(MAGHREB_T1, Africa; IBERIA_T3, SICILY_T2) [cross-layer]	PARTIAL	n<2: IBERIA_T3
MAGHREB_T1	AFRICA_W_T0	IBERIA_T3	SARDINIA_T0	A_cross	f4(MAGHREB_T1, Africa; IBERIA_T3, SARDINIA_T0) [cross-layer]	PARTIAL	n<2: IBERIA_T3
MAGHREB_T1	AFRICA_W_T0	IBERIA_T3	SARDINIA_T2	A_cross	f4(MAGHREB_T1, Africa; IBERIA_T3, SARDINIA_T2) [cross-layer]	PARTIAL	n<2: IBERIA_T3
MAGHREB_T1	AFRICA_W_T0	IBERIA_T3	SARDINIA_T1	A_cross	f4(MAGHREB_T1, Africa; IBERIA_T3, SARDINIA_T1) [cross-layer]	PARTIAL	n<2: IBERIA_T3
MAGHREB_T1	AFRICA_W_T0	IBERIA_T3	GREECE_T1	A_cross	f4(MAGHREB_T1, Africa; IBERIA_T3, GREECE_T1) [cross-layer]	PARTIAL	n<2: IBERIA_T3
MAGHREB_T1	AFRICA_W_T0	IBERIA_T3	GREECE_T0	A_cross	f4(MAGHREB_T1, Africa; IBERIA_T3, GREECE_T0) [cross-layer]	PARTIAL	n<2: IBERIA_T3
MAGHREB_T1	AFRICA_W_T0	IBERIA_T3	GREECE_T2	A_cross	f4(MAGHREB_T1, Africa; IBERIA_T3, GREECE_T2) [cross-layer]	PARTIAL	n<2: IBERIA_T3
MAGHREB_T1	AFRICA_W_T0	IBERIA_T3	BALKANS_T0	A_cross	f4(MAGHREB_T1, Africa; IBERIA_T3, BALKANS_T0) [cross-layer]	PARTIAL	n<2: IBERIA_T3
MAGHREB_T1	AFRICA_W_T0	IBERIA_T3	BALKANS_T5	A_cross	f4(MAGHREB_T1, Africa; IBERIA_T3, BALKANS_T5) [cross-layer]	PARTIAL	n<2: IBERIA_T3, BALKANS_T5
MAGHREB_T1	AFRICA_W_T0	IBERIA_T3	BALKANS_T1	A_cross	f4(MAGHREB_T1, Africa; IBERIA_T3, BALKANS_T1) [cross-layer]	PARTIAL	n<2: IBERIA_T3
MAGHREB_T1	AFRICA_W_T0	IBERIA_T3	BALKANS_T2	A_cross	f4(MAGHREB_T1, Africa; IBERIA_T3, BALKANS_T2) [cross-layer]	PARTIAL	n<2: IBERIA_T3
MAGHREB_T1	AFRICA_W_T0	IBERIA_T3	BALKANS_T4	A_cross	f4(MAGHREB_T1, Africa; IBERIA_T3, BALKANS_T4) [cross-layer]	PARTIAL	n<2: IBERIA_T3
MAGHREB_T1	AFRICA_W_T0	IBERIA_T3	MALTA_T1	A_cross	f4(MAGHREB_T1, Africa; IBERIA_T3, MALTA_T1) [cross-layer]	PARTIAL	n<2: IBERIA_T3
MAGHREB_T1	AFRICA_W_T0	IBERIA_T3	ANATOLIA_T3	A_cross	f4(MAGHREB_T1, Africa; IBERIA_T3, ANATOLIA_T3) [cross-layer]	PARTIAL	n<2: IBERIA_T3, ANATOLIA_T3
MAGHREB_T1	AFRICA_W_T0	IBERIA_T3	ANATOLIA_T2	A_cross	f4(MAGHREB_T1, Africa; IBERIA_T3, ANATOLIA_T2) [cross-layer]	PARTIAL	n<2: IBERIA_T3
MAGHREB_T1	AFRICA_W_T0	IBERIA_T3	ANATOLIA_T1	A_cross	f4(MAGHREB_T1, Africa; IBERIA_T3, ANATOLIA_T1) [cross-layer]	PARTIAL	n<2: IBERIA_T3
MAGHREB_T1	AFRICA_W_T0	IBERIA_T3	ANATOLIA_T0	A_cross	f4(MAGHREB_T1, Africa; IBERIA_T3, ANATOLIA_T0) [cross-layer]	PARTIAL	n<2: IBERIA_T3
MAGHREB_T1	AFRICA_W_T0	IBERIA_T3	EUROPE_NW_T4	A_cross	f4(MAGHREB_T1, Africa; IBERIA_T3, EUROPE_NW_T4) [cross-layer]	PARTIAL	n<2: IBERIA_T3
MAGHREB_T1	AFRICA_W_T0	IBERIA_T3	EUROPE_NW_T3	A_cross	f4(MAGHREB_T1, Africa; IBERIA_T3, EUROPE_NW_T3) [cross-layer]	PARTIAL	n<2: IBERIA_T3
MAGHREB_T1	AFRICA_W_T0	IBERIA_T3	EUROPE_NW_T1	A_cross	f4(MAGHREB_T1, Africa; IBERIA_T3, EUROPE_NW_T1) [cross-layer]	PARTIAL	n<2: IBERIA_T3
MAGHREB_T1	AFRICA_W_T0	IBERIA_T3	EUROPE_NW_T5	A_cross	f4(MAGHREB_T1, Africa; IBERIA_T3, EUROPE_NW_T5) [cross-layer]	PARTIAL	n<2: IBERIA_T3, EUROPE_NW_T5
MAGHREB_T1	AFRICA_W_T0	IBERIA_T3	EUROPE_NW_T0	A_cross	f4(MAGHREB_T1, Africa; IBERIA_T3, EUROPE_NW_T0) [cross-layer]	PARTIAL	n<2: IBERIA_T3
MAGHREB_T1	AFRICA_W_T0	IBERIA_T3	EUROPE_NW_T2	A_cross	f4(MAGHREB_T1, Africa; IBERIA_T3, EUROPE_NW_T2) [cross-layer]	PARTIAL	n<2: IBERIA_T3
MAGHREB_T1	AFRICA_W_T0	IBERIA_T3	EUROPE_CENTRAL_T4	A_cross	f4(MAGHREB_T1, Africa; IBERIA_T3, EUROPE_CENTRAL_T4) [cross-layer]	PARTIAL	n<2: IBERIA_T3
MAGHREB_T1	AFRICA_W_T0	IBERIA_T3	EUROPE_CENTRAL_T1	A_cross	f4(MAGHREB_T1, Africa; IBERIA_T3, EUROPE_CENTRAL_T1) [cross-layer]	PARTIAL	n<2: IBERIA_T3
MAGHREB_T1	AFRICA_W_T0	IBERIA_T3	EUROPE_CENTRAL_T3	A_cross	f4(MAGHREB_T1, Africa; IBERIA_T3, EUROPE_CENTRAL_T3) [cross-layer]	PARTIAL	n<2: IBERIA_T3
MAGHREB_T1	AFRICA_W_T0	IBERIA_T3	EUROPE_CENTRAL_T0	A_cross	f4(MAGHREB_T1, Africa; IBERIA_T3, EUROPE_CENTRAL_T0) [cross-layer]	PARTIAL	n<2: IBERIA_T3
MAGHREB_T1	AFRICA_W_T0	IBERIA_T3	EUROPE_CENTRAL_T2	A_cross	f4(MAGHREB_T1, Africa; IBERIA_T3, EUROPE_CENTRAL_T2) [cross-layer]	PARTIAL	n<2: IBERIA_T3
MAGHREB_T2	AFRICA_W_T0	IBERIA_T0	BALKANS_T5	A_cross	f4(MAGHREB_T2, Africa; IBERIA_T0, BALKANS_T5) [cross-layer]	PARTIAL	n<2: BALKANS_T5
MAGHREB_T2	AFRICA_W_T0	IBERIA_T0	ANATOLIA_T3	A_cross	f4(MAGHREB_T2, Africa; IBERIA_T0, ANATOLIA_T3) [cross-layer]	PARTIAL	n<2: ANATOLIA_T3
MAGHREB_T2	AFRICA_W_T0	IBERIA_T0	EUROPE_NW_T5	A_cross	f4(MAGHREB_T2, Africa; IBERIA_T0, EUROPE_NW_T5) [cross-layer]	PARTIAL	n<2: EUROPE_NW_T5
MAGHREB_T2	AFRICA_W_T0	IBERIA_T1	BALKANS_T5	A_cross	f4(MAGHREB_T2, Africa; IBERIA_T1, BALKANS_T5) [cross-layer]	PARTIAL	n<2: BALKANS_T5
MAGHREB_T2	AFRICA_W_T0	IBERIA_T1	ANATOLIA_T3	A_cross	f4(MAGHREB_T2, Africa; IBERIA_T1, ANATOLIA_T3) [cross-layer]	PARTIAL	n<2: ANATOLIA_T3
MAGHREB_T2	AFRICA_W_T0	IBERIA_T1	EUROPE_NW_T5	A_cross	f4(MAGHREB_T2, Africa; IBERIA_T1, EUROPE_NW_T5) [cross-layer]	PARTIAL	n<2: EUROPE_NW_T5
MAGHREB_T2	AFRICA_W_T0	IBERIA_T3	LEVANT_T2	A	f4(MAGHREB_T2, Africa; IBERIA_T3, LEVANT_T2)	PARTIAL	n<2: IBERIA_T3
MAGHREB_T2	AFRICA_W_T0	IBERIA_T3	LEVANT_T3	A	f4(MAGHREB_T2, Africa; IBERIA_T3, LEVANT_T3)	PARTIAL	n<2: IBERIA_T3
MAGHREB_T2	AFRICA_W_T0	IBERIA_T3	ITALY_T3	A	f4(MAGHREB_T2, Africa; IBERIA_T3, ITALY_T3)	PARTIAL	n<2: IBERIA_T3
MAGHREB_T2	AFRICA_W_T0	IBERIA_T3	ITALY_T2	A	f4(MAGHREB_T2, Africa; IBERIA_T3, ITALY_T2)	PARTIAL	n<2: IBERIA_T3
MAGHREB_T2	AFRICA_W_T0	IBERIA_T3	SICILY_T3	A	f4(MAGHREB_T2, Africa; IBERIA_T3, SICILY_T3)	PARTIAL	n<2: IBERIA_T3
MAGHREB_T2	AFRICA_W_T0	IBERIA_T3	SICILY_T2	A	f4(MAGHREB_T2, Africa; IBERIA_T3, SICILY_T2)	PARTIAL	n<2: IBERIA_T3
MAGHREB_T2	AFRICA_W_T0	IBERIA_T3	SARDINIA_T2	A	f4(MAGHREB_T2, Africa; IBERIA_T3, SARDINIA_T2)	PARTIAL	n<2: IBERIA_T3
MAGHREB_T2	AFRICA_W_T0	IBERIA_T3	GREECE_T2	A	f4(MAGHREB_T2, Africa; IBERIA_T3, GREECE_T2)	PARTIAL	n<2: IBERIA_T3
MAGHREB_T2	AFRICA_W_T0	IBERIA_T3	BALKANS_T2	A	f4(MAGHREB_T2, Africa; IBERIA_T3, BALKANS_T2)	PARTIAL	n<2: IBERIA_T3
MAGHREB_T2	AFRICA_W_T0	IBERIA_T3	ANATOLIA_T3	A	f4(MAGHREB_T2, Africa; IBERIA_T3, ANATOLIA_T3)	PARTIAL	n<2: IBERIA_T3, ANATOLIA_T3
MAGHREB_T2	AFRICA_W_T0	IBERIA_T3	ANATOLIA_T2	A	f4(MAGHREB_T2, Africa; IBERIA_T3, ANATOLIA_T2)	PARTIAL	n<2: IBERIA_T3
MAGHREB_T2	AFRICA_W_T0	IBERIA_T3	EUROPE_NW_T3	A	f4(MAGHREB_T2, Africa; IBERIA_T3, EUROPE_NW_T3)	PARTIAL	n<2: IBERIA_T3
MAGHREB_T2	AFRICA_W_T0	IBERIA_T3	EUROPE_NW_T2	A	f4(MAGHREB_T2, Africa; IBERIA_T3, EUROPE_NW_T2)	PARTIAL	n<2: IBERIA_T3
MAGHREB_T2	AFRICA_W_T0	IBERIA_T3	EUROPE_CENTRAL_T3	A	f4(MAGHREB_T2, Africa; IBERIA_T3, EUROPE_CENTRAL_T3)	PARTIAL	n<2: IBERIA_T3
MAGHREB_T2	AFRICA_W_T0	IBERIA_T3	EUROPE_CENTRAL_T2	A	f4(MAGHREB_T2, Africa; IBERIA_T3, EUROPE_CENTRAL_T2)	PARTIAL	n<2: IBERIA_T3
MAGHREB_T2	AFRICA_W_T0	IBERIA_T3	LEVANT_T0	A_cross	f4(MAGHREB_T2, Africa; IBERIA_T3, LEVANT_T0) [cross-layer]	PARTIAL	n<2: IBERIA_T3
MAGHREB_T2	AFRICA_W_T0	IBERIA_T3	LEVANT_T1	A_cross	f4(MAGHREB_T2, Africa; IBERIA_T3, LEVANT_T1) [cross-layer]	PARTIAL	n<2: IBERIA_T3
MAGHREB_T2	AFRICA_W_T0	IBERIA_T3	LEVANT_T2	A_cross	f4(MAGHREB_T2, Africa; IBERIA_T3, LEVANT_T2) [cross-layer]	PARTIAL	n<2: IBERIA_T3
MAGHREB_T2	AFRICA_W_T0	IBERIA_T3	LEVANT_T3	A_cross	f4(MAGHREB_T2, Africa; IBERIA_T3, LEVANT_T3) [cross-layer]	PARTIAL	n<2: IBERIA_T3
MAGHREB_T2	AFRICA_W_T0	IBERIA_T3	ITALY_T0	A_cross	f4(MAGHREB_T2, Africa; IBERIA_T3, ITALY_T0) [cross-layer]	PARTIAL	n<2: IBERIA_T3
MAGHREB_T2	AFRICA_W_T0	IBERIA_T3	ITALY_T3	A_cross	f4(MAGHREB_T2, Africa; IBERIA_T3, ITALY_T3) [cross-layer]	PARTIAL	n<2: IBERIA_T3
MAGHREB_T2	AFRICA_W_T0	IBERIA_T3	ITALY_T1	A_cross	f4(MAGHREB_T2, Africa; IBERIA_T3, ITALY_T1) [cross-layer]	PARTIAL	n<2: IBERIA_T3
MAGHREB_T2	AFRICA_W_T0	IBERIA_T3	ITALY_T4	A_cross	f4(MAGHREB_T2, Africa; IBERIA_T3, ITALY_T4) [cross-layer]	PARTIAL	n<2: IBERIA_T3
MAGHREB_T2	AFRICA_W_T0	IBERIA_T3	ITALY_T2	A_cross	f4(MAGHREB_T2, Africa; IBERIA_T3, ITALY_T2) [cross-layer]	PARTIAL	n<2: IBERIA_T3
MAGHREB_T2	AFRICA_W_T0	IBERIA_T3	SICILY_T0	A_cross	f4(MAGHREB_T2, Africa; IBERIA_T3, SICILY_T0) [cross-layer]	PARTIAL	n<2: IBERIA_T3
MAGHREB_T2	AFRICA_W_T0	IBERIA_T3	SICILY_T3	A_cross	f4(MAGHREB_T2, Africa; IBERIA_T3, SICILY_T3) [cross-layer]	PARTIAL	n<2: IBERIA_T3
MAGHREB_T2	AFRICA_W_T0	IBERIA_T3	SICILY_T1	A_cross	f4(MAGHREB_T2, Africa; IBERIA_T3, SICILY_T1) [cross-layer]	PARTIAL	n<2: IBERIA_T3
MAGHREB_T2	AFRICA_W_T0	IBERIA_T3	SICILY_T2	A_cross	f4(MAGHREB_T2, Africa; IBERIA_T3, SICILY_T2) [cross-layer]	PARTIAL	n<2: IBERIA_T3
MAGHREB_T2	AFRICA_W_T0	IBERIA_T3	SARDINIA_T0	A_cross	f4(MAGHREB_T2, Africa; IBERIA_T3, SARDINIA_T0) [cross-layer]	PARTIAL	n<2: IBERIA_T3
MAGHREB_T2	AFRICA_W_T0	IBERIA_T3	SARDINIA_T2	A_cross	f4(MAGHREB_T2, Africa; IBERIA_T3, SARDINIA_T2) [cross-layer]	PARTIAL	n<2: IBERIA_T3
MAGHREB_T2	AFRICA_W_T0	IBERIA_T3	SARDINIA_T1	A_cross	f4(MAGHREB_T2, Africa; IBERIA_T3, SARDINIA_T1) [cross-layer]	PARTIAL	n<2: IBERIA_T3
MAGHREB_T2	AFRICA_W_T0	IBERIA_T3	GREECE_T1	A_cross	f4(MAGHREB_T2, Africa; IBERIA_T3, GREECE_T1) [cross-layer]	PARTIAL	n<2: IBERIA_T3
MAGHREB_T2	AFRICA_W_T0	IBERIA_T3	GREECE_T0	A_cross	f4(MAGHREB_T2, Africa; IBERIA_T3, GREECE_T0) [cross-layer]	PARTIAL	n<2: IBERIA_T3
MAGHREB_T2	AFRICA_W_T0	IBERIA_T3	GREECE_T2	A_cross	f4(MAGHREB_T2, Africa; IBERIA_T3, GREECE_T2) [cross-layer]	PARTIAL	n<2: IBERIA_T3
MAGHREB_T2	AFRICA_W_T0	IBERIA_T3	BALKANS_T0	A_cross	f4(MAGHREB_T2, Africa; IBERIA_T3, BALKANS_T0) [cross-layer]	PARTIAL	n<2: IBERIA_T3
MAGHREB_T2	AFRICA_W_T0	IBERIA_T3	BALKANS_T5	A_cross	f4(MAGHREB_T2, Africa; IBERIA_T3, BALKANS_T5) [cross-layer]	PARTIAL	n<2: IBERIA_T3, BALKANS_T5
MAGHREB_T2	AFRICA_W_T0	IBERIA_T3	BALKANS_T1	A_cross	f4(MAGHREB_T2, Africa; IBERIA_T3, BALKANS_T1) [cross-layer]	PARTIAL	n<2: IBERIA_T3
MAGHREB_T2	AFRICA_W_T0	IBERIA_T3	BALKANS_T2	A_cross	f4(MAGHREB_T2, Africa; IBERIA_T3, BALKANS_T2) [cross-layer]	PARTIAL	n<2: IBERIA_T3
MAGHREB_T2	AFRICA_W_T0	IBERIA_T3	BALKANS_T4	A_cross	f4(MAGHREB_T2, Africa; IBERIA_T3, BALKANS_T4) [cross-layer]	PARTIAL	n<2: IBERIA_T3
MAGHREB_T2	AFRICA_W_T0	IBERIA_T3	MALTA_T1	A_cross	f4(MAGHREB_T2, Africa; IBERIA_T3, MALTA_T1) [cross-layer]	PARTIAL	n<2: IBERIA_T3
MAGHREB_T2	AFRICA_W_T0	IBERIA_T3	ANATOLIA_T3	A_cross	f4(MAGHREB_T2, Africa; IBERIA_T3, ANATOLIA_T3) [cross-layer]	PARTIAL	n<2: IBERIA_T3, ANATOLIA_T3
MAGHREB_T2	AFRICA_W_T0	IBERIA_T3	ANATOLIA_T2	A_cross	f4(MAGHREB_T2, Africa; IBERIA_T3, ANATOLIA_T2) [cross-layer]	PARTIAL	n<2: IBERIA_T3
MAGHREB_T2	AFRICA_W_T0	IBERIA_T3	ANATOLIA_T1	A_cross	f4(MAGHREB_T2, Africa; IBERIA_T3, ANATOLIA_T1) [cross-layer]	PARTIAL	n<2: IBERIA_T3
MAGHREB_T2	AFRICA_W_T0	IBERIA_T3	ANATOLIA_T0	A_cross	f4(MAGHREB_T2, Africa; IBERIA_T3, ANATOLIA_T0) [cross-layer]	PARTIAL	n<2: IBERIA_T3
MAGHREB_T2	AFRICA_W_T0	IBERIA_T3	EUROPE_NW_T4	A_cross	f4(MAGHREB_T2, Africa; IBERIA_T3, EUROPE_NW_T4) [cross-layer]	PARTIAL	n<2: IBERIA_T3
MAGHREB_T2	AFRICA_W_T0	IBERIA_T3	EUROPE_NW_T3	A_cross	f4(MAGHREB_T2, Africa; IBERIA_T3, EUROPE_NW_T3) [cross-layer]	PARTIAL	n<2: IBERIA_T3
MAGHREB_T2	AFRICA_W_T0	IBERIA_T3	EUROPE_NW_T1	A_cross	f4(MAGHREB_T2, Africa; IBERIA_T3, EUROPE_NW_T1) [cross-layer]	PARTIAL	n<2: IBERIA_T3
MAGHREB_T2	AFRICA_W_T0	IBERIA_T3	EUROPE_NW_T5	A_cross	f4(MAGHREB_T2, Africa; IBERIA_T3, EUROPE_NW_T5) [cross-layer]	PARTIAL	n<2: IBERIA_T3, EUROPE_NW_T5
MAGHREB_T2	AFRICA_W_T0	IBERIA_T3	EUROPE_NW_T0	A_cross	f4(MAGHREB_T2, Africa; IBERIA_T3, EUROPE_NW_T0) [cross-layer]	PARTIAL	n<2: IBERIA_T3
MAGHREB_T2	AFRICA_W_T0	IBERIA_T3	EUROPE_NW_T2	A_cross	f4(MAGHREB_T2, Africa; IBERIA_T3, EUROPE_NW_T2) [cross-layer]	PARTIAL	n<2: IBERIA_T3
MAGHREB_T2	AFRICA_W_T0	IBERIA_T3	EUROPE_CENTRAL_T4	A_cross	f4(MAGHREB_T2, Africa; IBERIA_T3, EUROPE_CENTRAL_T4) [cross-layer]	PARTIAL	n<2: IBERIA_T3
MAGHREB_T2	AFRICA_W_T0	IBERIA_T3	EUROPE_CENTRAL_T1	A_cross	f4(MAGHREB_T2, Africa; IBERIA_T3, EUROPE_CENTRAL_T1) [cross-layer]	PARTIAL	n<2: IBERIA_T3
MAGHREB_T2	AFRICA_W_T0	IBERIA_T3	EUROPE_CENTRAL_T3	A_cross	f4(MAGHREB_T2, Africa; IBERIA_T3, EUROPE_CENTRAL_T3) [cross-layer]	PARTIAL	n<2: IBERIA_T3
MAGHREB_T2	AFRICA_W_T0	IBERIA_T3	EUROPE_CENTRAL_T0	A_cross	f4(MAGHREB_T2, Africa; IBERIA_T3, EUROPE_CENTRAL_T0) [cross-layer]	PARTIAL	n<2: IBERIA_T3
MAGHREB_T2	AFRICA_W_T0	IBERIA_T3	EUROPE_CENTRAL_T2	A_cross	f4(MAGHREB_T2, Africa; IBERIA_T3, EUROPE_CENTRAL_T2) [cross-layer]	PARTIAL	n<2: IBERIA_T3
MAGHREB_T3	AFRICA_W_T0	IBERIA_T0	ANATOLIA_T3	A	f4(MAGHREB_T3, Africa; IBERIA_T0, ANATOLIA_T3)	PARTIAL	n<2: ANATOLIA_T3
MAGHREB_T3	AFRICA_W_T0	IBERIA_T0	BALKANS_T5	A_cross	f4(MAGHREB_T3, Africa; IBERIA_T0, BALKANS_T5) [cross-layer]	PARTIAL	n<2: BALKANS_T5
MAGHREB_T3	AFRICA_W_T0	IBERIA_T0	ANATOLIA_T3	A_cross	f4(MAGHREB_T3, Africa; IBERIA_T0, ANATOLIA_T3) [cross-layer]	PARTIAL	n<2: ANATOLIA_T3
MAGHREB_T3	AFRICA_W_T0	IBERIA_T0	EUROPE_NW_T5	A_cross	f4(MAGHREB_T3, Africa; IBERIA_T0, EUROPE_NW_T5) [cross-layer]	PARTIAL	n<2: EUROPE_NW_T5
MAGHREB_T3	AFRICA_W_T0	IBERIA_T1	ANATOLIA_T3	A	f4(MAGHREB_T3, Africa; IBERIA_T1, ANATOLIA_T3)	PARTIAL	n<2: ANATOLIA_T3
MAGHREB_T3	AFRICA_W_T0	IBERIA_T1	BALKANS_T5	A_cross	f4(MAGHREB_T3, Africa; IBERIA_T1, BALKANS_T5) [cross-layer]	PARTIAL	n<2: BALKANS_T5
MAGHREB_T3	AFRICA_W_T0	IBERIA_T1	ANATOLIA_T3	A_cross	f4(MAGHREB_T3, Africa; IBERIA_T1, ANATOLIA_T3) [cross-layer]	PARTIAL	n<2: ANATOLIA_T3
MAGHREB_T3	AFRICA_W_T0	IBERIA_T1	EUROPE_NW_T5	A_cross	f4(MAGHREB_T3, Africa; IBERIA_T1, EUROPE_NW_T5) [cross-layer]	PARTIAL	n<2: EUROPE_NW_T5
MAGHREB_T3	AFRICA_W_T0	IBERIA_T2	ANATOLIA_T3	A	f4(MAGHREB_T3, Africa; IBERIA_T2, ANATOLIA_T3)	PARTIAL	n<2: ANATOLIA_T3
MAGHREB_T3	AFRICA_W_T0	IBERIA_T2	BALKANS_T5	A_cross	f4(MAGHREB_T3, Africa; IBERIA_T2, BALKANS_T5) [cross-layer]	PARTIAL	n<2: BALKANS_T5
MAGHREB_T3	AFRICA_W_T0	IBERIA_T2	ANATOLIA_T3	A_cross	f4(MAGHREB_T3, Africa; IBERIA_T2, ANATOLIA_T3) [cross-layer]	PARTIAL	n<2: ANATOLIA_T3
MAGHREB_T3	AFRICA_W_T0	IBERIA_T2	EUROPE_NW_T5	A_cross	f4(MAGHREB_T3, Africa; IBERIA_T2, EUROPE_NW_T5) [cross-layer]	PARTIAL	n<2: EUROPE_NW_T5
MAGHREB_T3	AFRICA_W_T0	IBERIA_T3	LEVANT_T3	A	f4(MAGHREB_T3, Africa; IBERIA_T3, LEVANT_T3)	PARTIAL	n<2: IBERIA_T3
MAGHREB_T3	AFRICA_W_T0	IBERIA_T3	ITALY_T3	A	f4(MAGHREB_T3, Africa; IBERIA_T3, ITALY_T3)	PARTIAL	n<2: IBERIA_T3
MAGHREB_T3	AFRICA_W_T0	IBERIA_T3	SICILY_T3	A	f4(MAGHREB_T3, Africa; IBERIA_T3, SICILY_T3)	PARTIAL	n<2: IBERIA_T3
MAGHREB_T3	AFRICA_W_T0	IBERIA_T3	ANATOLIA_T3	A	f4(MAGHREB_T3, Africa; IBERIA_T3, ANATOLIA_T3)	PARTIAL	n<2: IBERIA_T3, ANATOLIA_T3
MAGHREB_T3	AFRICA_W_T0	IBERIA_T3	EUROPE_NW_T3	A	f4(MAGHREB_T3, Africa; IBERIA_T3, EUROPE_NW_T3)	PARTIAL	n<2: IBERIA_T3
MAGHREB_T3	AFRICA_W_T0	IBERIA_T3	EUROPE_CENTRAL_T3	A	f4(MAGHREB_T3, Africa; IBERIA_T3, EUROPE_CENTRAL_T3)	PARTIAL	n<2: IBERIA_T3
MAGHREB_T3	AFRICA_W_T0	IBERIA_T3	LEVANT_T3	B	f4(MAGHREB_T3, Africa; IBERIA_T3, LEVANT_T3) [same-layer]	PARTIAL	n<2: IBERIA_T3
MAGHREB_T3	AFRICA_W_T0	IBERIA_T3	ITALY_T3	B	f4(MAGHREB_T3, Africa; IBERIA_T3, ITALY_T3) [same-layer]	PARTIAL	n<2: IBERIA_T3
MAGHREB_T3	AFRICA_W_T0	IBERIA_T3	SICILY_T3	B	f4(MAGHREB_T3, Africa; IBERIA_T3, SICILY_T3) [same-layer]	PARTIAL	n<2: IBERIA_T3
MAGHREB_T0	AFRICA_W_T0	ITALY_T0	EUROPE_NW_T5	C_route	f4(MAGHREB_T0, Africa; ITALY_T0, EUROPE_NW_T5) [route via Italy]	PARTIAL	n<2: EUROPE_NW_T5
MAGHREB_T0	AFRICA_W_T0	ITALY_T0	BALKANS_T5	C_route	f4(MAGHREB_T0, Africa; ITALY_T0, BALKANS_T5) [route via Italy]	PARTIAL	n<2: BALKANS_T5
MAGHREB_T0	AFRICA_W_T0	ITALY_T3	EUROPE_NW_T5	C_route	f4(MAGHREB_T0, Africa; ITALY_T3, EUROPE_NW_T5) [route via Italy]	PARTIAL	n<2: EUROPE_NW_T5
MAGHREB_T0	AFRICA_W_T0	ITALY_T3	BALKANS_T5	C_route	f4(MAGHREB_T0, Africa; ITALY_T3, BALKANS_T5) [route via Italy]	PARTIAL	n<2: BALKANS_T5
MAGHREB_T0	AFRICA_W_T0	ITALY_T1	EUROPE_NW_T5	C_route	f4(MAGHREB_T0, Africa; ITALY_T1, EUROPE_NW_T5) [route via Italy]	PARTIAL	n<2: EUROPE_NW_T5
MAGHREB_T0	AFRICA_W_T0	ITALY_T1	BALKANS_T5	C_route	f4(MAGHREB_T0, Africa; ITALY_T1, BALKANS_T5) [route via Italy]	PARTIAL	n<2: BALKANS_T5
MAGHREB_T0	AFRICA_W_T0	ITALY_T4	EUROPE_NW_T5	C_route	f4(MAGHREB_T0, Africa; ITALY_T4, EUROPE_NW_T5) [route via Italy]	PARTIAL	n<2: EUROPE_NW_T5
MAGHREB_T0	AFRICA_W_T0	ITALY_T4	BALKANS_T5	C_route	f4(MAGHREB_T0, Africa; ITALY_T4, BALKANS_T5) [route via Italy]	PARTIAL	n<2: BALKANS_T5
MAGHREB_T0	AFRICA_W_T0	ITALY_T2	EUROPE_NW_T5	C_route	f4(MAGHREB_T0, Africa; ITALY_T2, EUROPE_NW_T5) [route via Italy]	PARTIAL	n<2: EUROPE_NW_T5
MAGHREB_T0	AFRICA_W_T0	ITALY_T2	BALKANS_T5	C_route	f4(MAGHREB_T0, Africa; ITALY_T2, BALKANS_T5) [route via Italy]	PARTIAL	n<2: BALKANS_T5
MAGHREB_T0	AFRICA_W_T0	SICILY_T0	EUROPE_NW_T5	C_route	f4(MAGHREB_T0, Africa; SICILY_T0, EUROPE_NW_T5) [route via Italy]	PARTIAL	n<2: EUROPE_NW_T5
MAGHREB_T0	AFRICA_W_T0	SICILY_T0	BALKANS_T5	C_route	f4(MAGHREB_T0, Africa; SICILY_T0, BALKANS_T5) [route via Italy]	PARTIAL	n<2: BALKANS_T5
MAGHREB_T0	AFRICA_W_T0	SICILY_T3	EUROPE_NW_T5	C_route	f4(MAGHREB_T0, Africa; SICILY_T3, EUROPE_NW_T5) [route via Italy]	PARTIAL	n<2: EUROPE_NW_T5
MAGHREB_T0	AFRICA_W_T0	SICILY_T3	BALKANS_T5	C_route	f4(MAGHREB_T0, Africa; SICILY_T3, BALKANS_T5) [route via Italy]	PARTIAL	n<2: BALKANS_T5
MAGHREB_T0	AFRICA_W_T0	SICILY_T1	EUROPE_NW_T5	C_route	f4(MAGHREB_T0, Africa; SICILY_T1, EUROPE_NW_T5) [route via Italy]	PARTIAL	n<2: EUROPE_NW_T5
MAGHREB_T0	AFRICA_W_T0	SICILY_T1	BALKANS_T5	C_route	f4(MAGHREB_T0, Africa; SICILY_T1, BALKANS_T5) [route via Italy]	PARTIAL	n<2: BALKANS_T5
MAGHREB_T0	AFRICA_W_T0	SICILY_T2	EUROPE_NW_T5	C_route	f4(MAGHREB_T0, Africa; SICILY_T2, EUROPE_NW_T5) [route via Italy]	PARTIAL	n<2: EUROPE_NW_T5
MAGHREB_T0	AFRICA_W_T0	SICILY_T2	BALKANS_T5	C_route	f4(MAGHREB_T0, Africa; SICILY_T2, BALKANS_T5) [route via Italy]	PARTIAL	n<2: BALKANS_T5
MAGHREB_T0	AFRICA_W_T0	SARDINIA_T0	EUROPE_NW_T5	C_route	f4(MAGHREB_T0, Africa; SARDINIA_T0, EUROPE_NW_T5) [route via Italy]	PARTIAL	n<2: EUROPE_NW_T5
MAGHREB_T0	AFRICA_W_T0	SARDINIA_T0	BALKANS_T5	C_route	f4(MAGHREB_T0, Africa; SARDINIA_T0, BALKANS_T5) [route via Italy]	PARTIAL	n<2: BALKANS_T5
MAGHREB_T0	AFRICA_W_T0	SARDINIA_T2	EUROPE_NW_T5	C_route	f4(MAGHREB_T0, Africa; SARDINIA_T2, EUROPE_NW_T5) [route via Italy]	PARTIAL	n<2: EUROPE_NW_T5
MAGHREB_T0	AFRICA_W_T0	SARDINIA_T2	BALKANS_T5	C_route	f4(MAGHREB_T0, Africa; SARDINIA_T2, BALKANS_T5) [route via Italy]	PARTIAL	n<2: BALKANS_T5
MAGHREB_T0	AFRICA_W_T0	SARDINIA_T1	EUROPE_NW_T5	C_route	f4(MAGHREB_T0, Africa; SARDINIA_T1, EUROPE_NW_T5) [route via Italy]	PARTIAL	n<2: EUROPE_NW_T5
MAGHREB_T0	AFRICA_W_T0	SARDINIA_T1	BALKANS_T5	C_route	f4(MAGHREB_T0, Africa; SARDINIA_T1, BALKANS_T5) [route via Italy]	PARTIAL	n<2: BALKANS_T5
MAGHREB_T0	AFRICA_W_T0	LEVANT_T0	IBERIA_T3	C_route	f4(MAGHREB_T0, Africa; LEVANT_T0, IBERIA_T3) [route via Levant]	PARTIAL	n<2: IBERIA_T3
MAGHREB_T0	AFRICA_W_T0	LEVANT_T0	EUROPE_NW_T5	C_route	f4(MAGHREB_T0, Africa; LEVANT_T0, EUROPE_NW_T5) [route via Levant]	PARTIAL	n<2: EUROPE_NW_T5
MAGHREB_T0	AFRICA_W_T0	LEVANT_T1	IBERIA_T3	C_route	f4(MAGHREB_T0, Africa; LEVANT_T1, IBERIA_T3) [route via Levant]	PARTIAL	n<2: IBERIA_T3
MAGHREB_T0	AFRICA_W_T0	LEVANT_T1	EUROPE_NW_T5	C_route	f4(MAGHREB_T0, Africa; LEVANT_T1, EUROPE_NW_T5) [route via Levant]	PARTIAL	n<2: EUROPE_NW_T5
MAGHREB_T0	AFRICA_W_T0	LEVANT_T2	IBERIA_T3	C_route	f4(MAGHREB_T0, Africa; LEVANT_T2, IBERIA_T3) [route via Levant]	PARTIAL	n<2: IBERIA_T3
MAGHREB_T0	AFRICA_W_T0	LEVANT_T2	EUROPE_NW_T5	C_route	f4(MAGHREB_T0, Africa; LEVANT_T2, EUROPE_NW_T5) [route via Levant]	PARTIAL	n<2: EUROPE_NW_T5
MAGHREB_T0	AFRICA_W_T0	LEVANT_T3	IBERIA_T3	C_route	f4(MAGHREB_T0, Africa; LEVANT_T3, IBERIA_T3) [route via Levant]	PARTIAL	n<2: IBERIA_T3
MAGHREB_T0	AFRICA_W_T0	LEVANT_T3	EUROPE_NW_T5	C_route	f4(MAGHREB_T0, Africa; LEVANT_T3, EUROPE_NW_T5) [route via Levant]	PARTIAL	n<2: EUROPE_NW_T5
MAGHREB_T1	AFRICA_W_T0	ITALY_T0	EUROPE_NW_T5	C_route	f4(MAGHREB_T1, Africa; ITALY_T0, EUROPE_NW_T5) [route via Italy]	PARTIAL	n<2: EUROPE_NW_T5
MAGHREB_T1	AFRICA_W_T0	ITALY_T0	BALKANS_T5	C_route	f4(MAGHREB_T1, Africa; ITALY_T0, BALKANS_T5) [route via Italy]	PARTIAL	n<2: BALKANS_T5
MAGHREB_T1	AFRICA_W_T0	ITALY_T3	EUROPE_NW_T5	C_route	f4(MAGHREB_T1, Africa; ITALY_T3, EUROPE_NW_T5) [route via Italy]	PARTIAL	n<2: EUROPE_NW_T5
MAGHREB_T1	AFRICA_W_T0	ITALY_T3	BALKANS_T5	C_route	f4(MAGHREB_T1, Africa; ITALY_T3, BALKANS_T5) [route via Italy]	PARTIAL	n<2: BALKANS_T5
MAGHREB_T1	AFRICA_W_T0	ITALY_T1	EUROPE_NW_T5	C_route	f4(MAGHREB_T1, Africa; ITALY_T1, EUROPE_NW_T5) [route via Italy]	PARTIAL	n<2: EUROPE_NW_T5
MAGHREB_T1	AFRICA_W_T0	ITALY_T1	BALKANS_T5	C_route	f4(MAGHREB_T1, Africa; ITALY_T1, BALKANS_T5) [route via Italy]	PARTIAL	n<2: BALKANS_T5
MAGHREB_T1	AFRICA_W_T0	ITALY_T4	EUROPE_NW_T5	C_route	f4(MAGHREB_T1, Africa; ITALY_T4, EUROPE_NW_T5) [route via Italy]	PARTIAL	n<2: EUROPE_NW_T5
MAGHREB_T1	AFRICA_W_T0	ITALY_T4	BALKANS_T5	C_route	f4(MAGHREB_T1, Africa; ITALY_T4, BALKANS_T5) [route via Italy]	PARTIAL	n<2: BALKANS_T5
MAGHREB_T1	AFRICA_W_T0	ITALY_T2	EUROPE_NW_T5	C_route	f4(MAGHREB_T1, Africa; ITALY_T2, EUROPE_NW_T5) [route via Italy]	PARTIAL	n<2: EUROPE_NW_T5
MAGHREB_T1	AFRICA_W_T0	ITALY_T2	BALKANS_T5	C_route	f4(MAGHREB_T1, Africa; ITALY_T2, BALKANS_T5) [route via Italy]	PARTIAL	n<2: BALKANS_T5
MAGHREB_T1	AFRICA_W_T0	SICILY_T0	EUROPE_NW_T5	C_route	f4(MAGHREB_T1, Africa; SICILY_T0, EUROPE_NW_T5) [route via Italy]	PARTIAL	n<2: EUROPE_NW_T5
MAGHREB_T1	AFRICA_W_T0	SICILY_T0	BALKANS_T5	C_route	f4(MAGHREB_T1, Africa; SICILY_T0, BALKANS_T5) [route via Italy]	PARTIAL	n<2: BALKANS_T5
MAGHREB_T1	AFRICA_W_T0	SICILY_T3	EUROPE_NW_T5	C_route	f4(MAGHREB_T1, Africa; SICILY_T3, EUROPE_NW_T5) [route via Italy]	PARTIAL	n<2: EUROPE_NW_T5
MAGHREB_T1	AFRICA_W_T0	SICILY_T3	BALKANS_T5	C_route	f4(MAGHREB_T1, Africa; SICILY_T3, BALKANS_T5) [route via Italy]	PARTIAL	n<2: BALKANS_T5
MAGHREB_T1	AFRICA_W_T0	SICILY_T1	EUROPE_NW_T5	C_route	f4(MAGHREB_T1, Africa; SICILY_T1, EUROPE_NW_T5) [route via Italy]	PARTIAL	n<2: EUROPE_NW_T5
MAGHREB_T1	AFRICA_W_T0	SICILY_T1	BALKANS_T5	C_route	f4(MAGHREB_T1, Africa; SICILY_T1, BALKANS_T5) [route via Italy]	PARTIAL	n<2: BALKANS_T5
MAGHREB_T1	AFRICA_W_T0	SICILY_T2	EUROPE_NW_T5	C_route	f4(MAGHREB_T1, Africa; SICILY_T2, EUROPE_NW_T5) [route via Italy]	PARTIAL	n<2: EUROPE_NW_T5
MAGHREB_T1	AFRICA_W_T0	SICILY_T2	BALKANS_T5	C_route	f4(MAGHREB_T1, Africa; SICILY_T2, BALKANS_T5) [route via Italy]	PARTIAL	n<2: BALKANS_T5
MAGHREB_T1	AFRICA_W_T0	SARDINIA_T0	EUROPE_NW_T5	C_route	f4(MAGHREB_T1, Africa; SARDINIA_T0, EUROPE_NW_T5) [route via Italy]	PARTIAL	n<2: EUROPE_NW_T5
MAGHREB_T1	AFRICA_W_T0	SARDINIA_T0	BALKANS_T5	C_route	f4(MAGHREB_T1, Africa; SARDINIA_T0, BALKANS_T5) [route via Italy]	PARTIAL	n<2: BALKANS_T5
MAGHREB_T1	AFRICA_W_T0	SARDINIA_T2	EUROPE_NW_T5	C_route	f4(MAGHREB_T1, Africa; SARDINIA_T2, EUROPE_NW_T5) [route via Italy]	PARTIAL	n<2: EUROPE_NW_T5
MAGHREB_T1	AFRICA_W_T0	SARDINIA_T2	BALKANS_T5	C_route	f4(MAGHREB_T1, Africa; SARDINIA_T2, BALKANS_T5) [route via Italy]	PARTIAL	n<2: BALKANS_T5
MAGHREB_T1	AFRICA_W_T0	SARDINIA_T1	EUROPE_NW_T5	C_route	f4(MAGHREB_T1, Africa; SARDINIA_T1, EUROPE_NW_T5) [route via Italy]	PARTIAL	n<2: EUROPE_NW_T5
MAGHREB_T1	AFRICA_W_T0	SARDINIA_T1	BALKANS_T5	C_route	f4(MAGHREB_T1, Africa; SARDINIA_T1, BALKANS_T5) [route via Italy]	PARTIAL	n<2: BALKANS_T5
MAGHREB_T1	AFRICA_W_T0	LEVANT_T0	IBERIA_T3	C_route	f4(MAGHREB_T1, Africa; LEVANT_T0, IBERIA_T3) [route via Levant]	PARTIAL	n<2: IBERIA_T3
MAGHREB_T1	AFRICA_W_T0	LEVANT_T0	EUROPE_NW_T5	C_route	f4(MAGHREB_T1, Africa; LEVANT_T0, EUROPE_NW_T5) [route via Levant]	PARTIAL	n<2: EUROPE_NW_T5
MAGHREB_T1	AFRICA_W_T0	LEVANT_T1	IBERIA_T3	C_route	f4(MAGHREB_T1, Africa; LEVANT_T1, IBERIA_T3) [route via Levant]	PARTIAL	n<2: IBERIA_T3
MAGHREB_T1	AFRICA_W_T0	LEVANT_T1	EUROPE_NW_T5	C_route	f4(MAGHREB_T1, Africa; LEVANT_T1, EUROPE_NW_T5) [route via Levant]	PARTIAL	n<2: EUROPE_NW_T5
MAGHREB_T1	AFRICA_W_T0	LEVANT_T2	IBERIA_T3	C_route	f4(MAGHREB_T1, Africa; LEVANT_T2, IBERIA_T3) [route via Levant]	PARTIAL	n<2: IBERIA_T3
MAGHREB_T1	AFRICA_W_T0	LEVANT_T2	EUROPE_NW_T5	C_route	f4(MAGHREB_T1, Africa; LEVANT_T2, EUROPE_NW_T5) [route via Levant]	PARTIAL	n<2: EUROPE_NW_T5
MAGHREB_T1	AFRICA_W_T0	LEVANT_T3	IBERIA_T3	C_route	f4(MAGHREB_T1, Africa; LEVANT_T3, IBERIA_T3) [route via Levant]	PARTIAL	n<2: IBERIA_T3
MAGHREB_T1	AFRICA_W_T0	LEVANT_T3	EUROPE_NW_T5	C_route	f4(MAGHREB_T1, Africa; LEVANT_T3, EUROPE_NW_T5) [route via Levant]	PARTIAL	n<2: EUROPE_NW_T5
MAGHREB_T2	AFRICA_W_T0	ITALY_T0	EUROPE_NW_T5	C_route	f4(MAGHREB_T2, Africa; ITALY_T0, EUROPE_NW_T5) [route via Italy]	PARTIAL	n<2: EUROPE_NW_T5
MAGHREB_T2	AFRICA_W_T0	ITALY_T0	BALKANS_T5	C_route	f4(MAGHREB_T2, Africa; ITALY_T0, BALKANS_T5) [route via Italy]	PARTIAL	n<2: BALKANS_T5
MAGHREB_T2	AFRICA_W_T0	ITALY_T3	EUROPE_NW_T5	C_route	f4(MAGHREB_T2, Africa; ITALY_T3, EUROPE_NW_T5) [route via Italy]	PARTIAL	n<2: EUROPE_NW_T5
MAGHREB_T2	AFRICA_W_T0	ITALY_T3	BALKANS_T5	C_route	f4(MAGHREB_T2, Africa; ITALY_T3, BALKANS_T5) [route via Italy]	PARTIAL	n<2: BALKANS_T5
MAGHREB_T2	AFRICA_W_T0	ITALY_T1	EUROPE_NW_T5	C_route	f4(MAGHREB_T2, Africa; ITALY_T1, EUROPE_NW_T5) [route via Italy]	PARTIAL	n<2: EUROPE_NW_T5
MAGHREB_T2	AFRICA_W_T0	ITALY_T1	BALKANS_T5	C_route	f4(MAGHREB_T2, Africa; ITALY_T1, BALKANS_T5) [route via Italy]	PARTIAL	n<2: BALKANS_T5
MAGHREB_T2	AFRICA_W_T0	ITALY_T4	EUROPE_NW_T5	C_route	f4(MAGHREB_T2, Africa; ITALY_T4, EUROPE_NW_T5) [route via Italy]	PARTIAL	n<2: EUROPE_NW_T5
MAGHREB_T2	AFRICA_W_T0	ITALY_T4	BALKANS_T5	C_route	f4(MAGHREB_T2, Africa; ITALY_T4, BALKANS_T5) [route via Italy]	PARTIAL	n<2: BALKANS_T5
MAGHREB_T2	AFRICA_W_T0	ITALY_T2	EUROPE_NW_T5	C_route	f4(MAGHREB_T2, Africa; ITALY_T2, EUROPE_NW_T5) [route via Italy]	PARTIAL	n<2: EUROPE_NW_T5
MAGHREB_T2	AFRICA_W_T0	ITALY_T2	BALKANS_T5	C_route	f4(MAGHREB_T2, Africa; ITALY_T2, BALKANS_T5) [route via Italy]	PARTIAL	n<2: BALKANS_T5
MAGHREB_T2	AFRICA_W_T0	SICILY_T0	EUROPE_NW_T5	C_route	f4(MAGHREB_T2, Africa; SICILY_T0, EUROPE_NW_T5) [route via Italy]	PARTIAL	n<2: EUROPE_NW_T5
MAGHREB_T2	AFRICA_W_T0	SICILY_T0	BALKANS_T5	C_route	f4(MAGHREB_T2, Africa; SICILY_T0, BALKANS_T5) [route via Italy]	PARTIAL	n<2: BALKANS_T5
MAGHREB_T2	AFRICA_W_T0	SICILY_T3	EUROPE_NW_T5	C_route	f4(MAGHREB_T2, Africa; SICILY_T3, EUROPE_NW_T5) [route via Italy]	PARTIAL	n<2: EUROPE_NW_T5
MAGHREB_T2	AFRICA_W_T0	SICILY_T3	BALKANS_T5	C_route	f4(MAGHREB_T2, Africa; SICILY_T3, BALKANS_T5) [route via Italy]	PARTIAL	n<2: BALKANS_T5
MAGHREB_T2	AFRICA_W_T0	SICILY_T1	EUROPE_NW_T5	C_route	f4(MAGHREB_T2, Africa; SICILY_T1, EUROPE_NW_T5) [route via Italy]	PARTIAL	n<2: EUROPE_NW_T5
MAGHREB_T2	AFRICA_W_T0	SICILY_T1	BALKANS_T5	C_route	f4(MAGHREB_T2, Africa; SICILY_T1, BALKANS_T5) [route via Italy]	PARTIAL	n<2: BALKANS_T5
MAGHREB_T2	AFRICA_W_T0	SICILY_T2	EUROPE_NW_T5	C_route	f4(MAGHREB_T2, Africa; SICILY_T2, EUROPE_NW_T5) [route via Italy]	PARTIAL	n<2: EUROPE_NW_T5
MAGHREB_T2	AFRICA_W_T0	SICILY_T2	BALKANS_T5	C_route	f4(MAGHREB_T2, Africa; SICILY_T2, BALKANS_T5) [route via Italy]	PARTIAL	n<2: BALKANS_T5
MAGHREB_T2	AFRICA_W_T0	SARDINIA_T0	EUROPE_NW_T5	C_route	f4(MAGHREB_T2, Africa; SARDINIA_T0, EUROPE_NW_T5) [route via Italy]	PARTIAL	n<2: EUROPE_NW_T5
MAGHREB_T2	AFRICA_W_T0	SARDINIA_T0	BALKANS_T5	C_route	f4(MAGHREB_T2, Africa; SARDINIA_T0, BALKANS_T5) [route via Italy]	PARTIAL	n<2: BALKANS_T5
MAGHREB_T2	AFRICA_W_T0	SARDINIA_T2	EUROPE_NW_T5	C_route	f4(MAGHREB_T2, Africa; SARDINIA_T2, EUROPE_NW_T5) [route via Italy]	PARTIAL	n<2: EUROPE_NW_T5
MAGHREB_T2	AFRICA_W_T0	SARDINIA_T2	BALKANS_T5	C_route	f4(MAGHREB_T2, Africa; SARDINIA_T2, BALKANS_T5) [route via Italy]	PARTIAL	n<2: BALKANS_T5
MAGHREB_T2	AFRICA_W_T0	SARDINIA_T1	EUROPE_NW_T5	C_route	f4(MAGHREB_T2, Africa; SARDINIA_T1, EUROPE_NW_T5) [route via Italy]	PARTIAL	n<2: EUROPE_NW_T5
MAGHREB_T2	AFRICA_W_T0	SARDINIA_T1	BALKANS_T5	C_route	f4(MAGHREB_T2, Africa; SARDINIA_T1, BALKANS_T5) [route via Italy]	PARTIAL	n<2: BALKANS_T5
MAGHREB_T2	AFRICA_W_T0	LEVANT_T0	IBERIA_T3	C_route	f4(MAGHREB_T2, Africa; LEVANT_T0, IBERIA_T3) [route via Levant]	PARTIAL	n<2: IBERIA_T3
MAGHREB_T2	AFRICA_W_T0	LEVANT_T0	EUROPE_NW_T5	C_route	f4(MAGHREB_T2, Africa; LEVANT_T0, EUROPE_NW_T5) [route via Levant]	PARTIAL	n<2: EUROPE_NW_T5
MAGHREB_T2	AFRICA_W_T0	LEVANT_T1	IBERIA_T3	C_route	f4(MAGHREB_T2, Africa; LEVANT_T1, IBERIA_T3) [route via Levant]	PARTIAL	n<2: IBERIA_T3
MAGHREB_T2	AFRICA_W_T0	LEVANT_T1	EUROPE_NW_T5	C_route	f4(MAGHREB_T2, Africa; LEVANT_T1, EUROPE_NW_T5) [route via Levant]	PARTIAL	n<2: EUROPE_NW_T5
MAGHREB_T2	AFRICA_W_T0	LEVANT_T2	IBERIA_T3	C_route	f4(MAGHREB_T2, Africa; LEVANT_T2, IBERIA_T3) [route via Levant]	PARTIAL	n<2: IBERIA_T3
MAGHREB_T2	AFRICA_W_T0	LEVANT_T2	EUROPE_NW_T5	C_route	f4(MAGHREB_T2, Africa; LEVANT_T2, EUROPE_NW_T5) [route via Levant]	PARTIAL	n<2: EUROPE_NW_T5
MAGHREB_T2	AFRICA_W_T0	LEVANT_T3	IBERIA_T3	C_route	f4(MAGHREB_T2, Africa; LEVANT_T3, IBERIA_T3) [route via Levant]	PARTIAL	n<2: IBERIA_T3
MAGHREB_T2	AFRICA_W_T0	LEVANT_T3	EUROPE_NW_T5	C_route	f4(MAGHREB_T2, Africa; LEVANT_T3, EUROPE_NW_T5) [route via Levant]	PARTIAL	n<2: EUROPE_NW_T5
MAGHREB_T3	AFRICA_W_T0	ITALY_T0	EUROPE_NW_T5	C_route	f4(MAGHREB_T3, Africa; ITALY_T0, EUROPE_NW_T5) [route via Italy]	PARTIAL	n<2: EUROPE_NW_T5
MAGHREB_T3	AFRICA_W_T0	ITALY_T0	BALKANS_T5	C_route	f4(MAGHREB_T3, Africa; ITALY_T0, BALKANS_T5) [route via Italy]	PARTIAL	n<2: BALKANS_T5
MAGHREB_T3	AFRICA_W_T0	ITALY_T3	EUROPE_NW_T5	C_route	f4(MAGHREB_T3, Africa; ITALY_T3, EUROPE_NW_T5) [route via Italy]	PARTIAL	n<2: EUROPE_NW_T5
MAGHREB_T3	AFRICA_W_T0	ITALY_T3	BALKANS_T5	C_route	f4(MAGHREB_T3, Africa; ITALY_T3, BALKANS_T5) [route via Italy]	PARTIAL	n<2: BALKANS_T5
MAGHREB_T3	AFRICA_W_T0	ITALY_T1	EUROPE_NW_T5	C_route	f4(MAGHREB_T3, Africa; ITALY_T1, EUROPE_NW_T5) [route via Italy]	PARTIAL	n<2: EUROPE_NW_T5
MAGHREB_T3	AFRICA_W_T0	ITALY_T1	BALKANS_T5	C_route	f4(MAGHREB_T3, Africa; ITALY_T1, BALKANS_T5) [route via Italy]	PARTIAL	n<2: BALKANS_T5
MAGHREB_T3	AFRICA_W_T0	ITALY_T4	EUROPE_NW_T5	C_route	f4(MAGHREB_T3, Africa; ITALY_T4, EUROPE_NW_T5) [route via Italy]	PARTIAL	n<2: EUROPE_NW_T5
MAGHREB_T3	AFRICA_W_T0	ITALY_T4	BALKANS_T5	C_route	f4(MAGHREB_T3, Africa; ITALY_T4, BALKANS_T5) [route via Italy]	PARTIAL	n<2: BALKANS_T5
MAGHREB_T3	AFRICA_W_T0	ITALY_T2	EUROPE_NW_T5	C_route	f4(MAGHREB_T3, Africa; ITALY_T2, EUROPE_NW_T5) [route via Italy]	PARTIAL	n<2: EUROPE_NW_T5
MAGHREB_T3	AFRICA_W_T0	ITALY_T2	BALKANS_T5	C_route	f4(MAGHREB_T3, Africa; ITALY_T2, BALKANS_T5) [route via Italy]	PARTIAL	n<2: BALKANS_T5
MAGHREB_T3	AFRICA_W_T0	SICILY_T0	EUROPE_NW_T5	C_route	f4(MAGHREB_T3, Africa; SICILY_T0, EUROPE_NW_T5) [route via Italy]	PARTIAL	n<2: EUROPE_NW_T5
MAGHREB_T3	AFRICA_W_T0	SICILY_T0	BALKANS_T5	C_route	f4(MAGHREB_T3, Africa; SICILY_T0, BALKANS_T5) [route via Italy]	PARTIAL	n<2: BALKANS_T5
MAGHREB_T3	AFRICA_W_T0	SICILY_T3	EUROPE_NW_T5	C_route	f4(MAGHREB_T3, Africa; SICILY_T3, EUROPE_NW_T5) [route via Italy]	PARTIAL	n<2: EUROPE_NW_T5
MAGHREB_T3	AFRICA_W_T0	SICILY_T3	BALKANS_T5	C_route	f4(MAGHREB_T3, Africa; SICILY_T3, BALKANS_T5) [route via Italy]	PARTIAL	n<2: BALKANS_T5
MAGHREB_T3	AFRICA_W_T0	SICILY_T1	EUROPE_NW_T5	C_route	f4(MAGHREB_T3, Africa; SICILY_T1, EUROPE_NW_T5) [route via Italy]	PARTIAL	n<2: EUROPE_NW_T5
MAGHREB_T3	AFRICA_W_T0	SICILY_T1	BALKANS_T5	C_route	f4(MAGHREB_T3, Africa; SICILY_T1, BALKANS_T5) [route via Italy]	PARTIAL	n<2: BALKANS_T5
MAGHREB_T3	AFRICA_W_T0	SICILY_T2	EUROPE_NW_T5	C_route	f4(MAGHREB_T3, Africa; SICILY_T2, EUROPE_NW_T5) [route via Italy]	PARTIAL	n<2: EUROPE_NW_T5
MAGHREB_T3	AFRICA_W_T0	SICILY_T2	BALKANS_T5	C_route	f4(MAGHREB_T3, Africa; SICILY_T2, BALKANS_T5) [route via Italy]	PARTIAL	n<2: BALKANS_T5
MAGHREB_T3	AFRICA_W_T0	SARDINIA_T0	EUROPE_NW_T5	C_route	f4(MAGHREB_T3, Africa; SARDINIA_T0, EUROPE_NW_T5) [route via Italy]	PARTIAL	n<2: EUROPE_NW_T5
MAGHREB_T3	AFRICA_W_T0	SARDINIA_T0	BALKANS_T5	C_route	f4(MAGHREB_T3, Africa; SARDINIA_T0, BALKANS_T5) [route via Italy]	PARTIAL	n<2: BALKANS_T5
MAGHREB_T3	AFRICA_W_T0	SARDINIA_T2	EUROPE_NW_T5	C_route	f4(MAGHREB_T3, Africa; SARDINIA_T2, EUROPE_NW_T5) [route via Italy]	PARTIAL	n<2: EUROPE_NW_T5
MAGHREB_T3	AFRICA_W_T0	SARDINIA_T2	BALKANS_T5	C_route	f4(MAGHREB_T3, Africa; SARDINIA_T2, BALKANS_T5) [route via Italy]	PARTIAL	n<2: BALKANS_T5
MAGHREB_T3	AFRICA_W_T0	SARDINIA_T1	EUROPE_NW_T5	C_route	f4(MAGHREB_T3, Africa; SARDINIA_T1, EUROPE_NW_T5) [route via Italy]	PARTIAL	n<2: EUROPE_NW_T5
MAGHREB_T3	AFRICA_W_T0	SARDINIA_T1	BALKANS_T5	C_route	f4(MAGHREB_T3, Africa; SARDINIA_T1, BALKANS_T5) [route via Italy]	PARTIAL	n<2: BALKANS_T5
MAGHREB_T3	AFRICA_W_T0	LEVANT_T0	IBERIA_T3	C_route	f4(MAGHREB_T3, Africa; LEVANT_T0, IBERIA_T3) [route via Levant]	PARTIAL	n<2: IBERIA_T3
MAGHREB_T3	AFRICA_W_T0	LEVANT_T0	EUROPE_NW_T5	C_route	f4(MAGHREB_T3, Africa; LEVANT_T0, EUROPE_NW_T5) [route via Levant]	PARTIAL	n<2: EUROPE_NW_T5
MAGHREB_T3	AFRICA_W_T0	LEVANT_T1	IBERIA_T3	C_route	f4(MAGHREB_T3, Africa; LEVANT_T1, IBERIA_T3) [route via Levant]	PARTIAL	n<2: IBERIA_T3
MAGHREB_T3	AFRICA_W_T0	LEVANT_T1	EUROPE_NW_T5	C_route	f4(MAGHREB_T3, Africa; LEVANT_T1, EUROPE_NW_T5) [route via Levant]	PARTIAL	n<2: EUROPE_NW_T5
MAGHREB_T3	AFRICA_W_T0	LEVANT_T2	IBERIA_T3	C_route	f4(MAGHREB_T3, Africa; LEVANT_T2, IBERIA_T3) [route via Levant]	PARTIAL	n<2: IBERIA_T3
MAGHREB_T3	AFRICA_W_T0	LEVANT_T2	EUROPE_NW_T5	C_route	f4(MAGHREB_T3, Africa; LEVANT_T2, EUROPE_NW_T5) [route via Levant]	PARTIAL	n<2: EUROPE_NW_T5
MAGHREB_T3	AFRICA_W_T0	LEVANT_T3	IBERIA_T3	C_route	f4(MAGHREB_T3, Africa; LEVANT_T3, IBERIA_T3) [route via Levant]	PARTIAL	n<2: IBERIA_T3
MAGHREB_T3	AFRICA_W_T0	LEVANT_T3	EUROPE_NW_T5	C_route	f4(MAGHREB_T3, Africa; LEVANT_T3, EUROPE_NW_T5) [route via Levant]	PARTIAL	n<2: EUROPE_NW_T5
ITALY_T0	AFRICA_W_T0	IBERIA_T0	EUROPE_NW_T5	C_reverse	f4(ITALY_T0, Africa; IBERIA_T0, EUROPE_NW_T5) [Italy→Iberia?]	PARTIAL	n<2: EUROPE_NW_T5
ITALY_T0	AFRICA_W_T0	IBERIA_T1	EUROPE_NW_T5	C_reverse	f4(ITALY_T0, Africa; IBERIA_T1, EUROPE_NW_T5) [Italy→Iberia?]	PARTIAL	n<2: EUROPE_NW_T5
ITALY_T0	AFRICA_W_T0	IBERIA_T2	EUROPE_NW_T5	C_reverse	f4(ITALY_T0, Africa; IBERIA_T2, EUROPE_NW_T5) [Italy→Iberia?]	PARTIAL	n<2: EUROPE_NW_T5
ITALY_T0	AFRICA_W_T0	IBERIA_T3	LEVANT_T0	C_reverse	f4(ITALY_T0, Africa; IBERIA_T3, LEVANT_T0) [Italy→Iberia?]	PARTIAL	n<2: IBERIA_T3
ITALY_T0	AFRICA_W_T0	IBERIA_T3	LEVANT_T1	C_reverse	f4(ITALY_T0, Africa; IBERIA_T3, LEVANT_T1) [Italy→Iberia?]	PARTIAL	n<2: IBERIA_T3
ITALY_T0	AFRICA_W_T0	IBERIA_T3	LEVANT_T2	C_reverse	f4(ITALY_T0, Africa; IBERIA_T3, LEVANT_T2) [Italy→Iberia?]	PARTIAL	n<2: IBERIA_T3
ITALY_T0	AFRICA_W_T0	IBERIA_T3	LEVANT_T3	C_reverse	f4(ITALY_T0, Africa; IBERIA_T3, LEVANT_T3) [Italy→Iberia?]	PARTIAL	n<2: IBERIA_T3
ITALY_T0	AFRICA_W_T0	IBERIA_T3	EUROPE_NW_T4	C_reverse	f4(ITALY_T0, Africa; IBERIA_T3, EUROPE_NW_T4) [Italy→Iberia?]	PARTIAL	n<2: IBERIA_T3
ITALY_T0	AFRICA_W_T0	IBERIA_T3	EUROPE_NW_T3	C_reverse	f4(ITALY_T0, Africa; IBERIA_T3, EUROPE_NW_T3) [Italy→Iberia?]	PARTIAL	n<2: IBERIA_T3
ITALY_T0	AFRICA_W_T0	IBERIA_T3	EUROPE_NW_T1	C_reverse	f4(ITALY_T0, Africa; IBERIA_T3, EUROPE_NW_T1) [Italy→Iberia?]	PARTIAL	n<2: IBERIA_T3
ITALY_T0	AFRICA_W_T0	IBERIA_T3	EUROPE_NW_T5	C_reverse	f4(ITALY_T0, Africa; IBERIA_T3, EUROPE_NW_T5) [Italy→Iberia?]	PARTIAL	n<2: IBERIA_T3, EUROPE_NW_T5
ITALY_T0	AFRICA_W_T0	IBERIA_T3	EUROPE_NW_T0	C_reverse	f4(ITALY_T0, Africa; IBERIA_T3, EUROPE_NW_T0) [Italy→Iberia?]	PARTIAL	n<2: IBERIA_T3
ITALY_T0	AFRICA_W_T0	IBERIA_T3	EUROPE_NW_T2	C_reverse	f4(ITALY_T0, Africa; IBERIA_T3, EUROPE_NW_T2) [Italy→Iberia?]	PARTIAL	n<2: IBERIA_T3
ITALY_T0	AFRICA_W_T0	IBERIA_T3	GREECE_T1	C_reverse	f4(ITALY_T0, Africa; IBERIA_T3, GREECE_T1) [Italy→Iberia?]	PARTIAL	n<2: IBERIA_T3
ITALY_T0	AFRICA_W_T0	IBERIA_T3	GREECE_T0	C_reverse	f4(ITALY_T0, Africa; IBERIA_T3, GREECE_T0) [Italy→Iberia?]	PARTIAL	n<2: IBERIA_T3
ITALY_T0	AFRICA_W_T0	IBERIA_T3	GREECE_T2	C_reverse	f4(ITALY_T0, Africa; IBERIA_T3, GREECE_T2) [Italy→Iberia?]	PARTIAL	n<2: IBERIA_T3
ITALY_T3	AFRICA_W_T0	IBERIA_T0	EUROPE_NW_T5	C_reverse	f4(ITALY_T3, Africa; IBERIA_T0, EUROPE_NW_T5) [Italy→Iberia?]	PARTIAL	n<2: EUROPE_NW_T5
ITALY_T3	AFRICA_W_T0	IBERIA_T1	EUROPE_NW_T5	C_reverse	f4(ITALY_T3, Africa; IBERIA_T1, EUROPE_NW_T5) [Italy→Iberia?]	PARTIAL	n<2: EUROPE_NW_T5
ITALY_T3	AFRICA_W_T0	IBERIA_T2	EUROPE_NW_T5	C_reverse	f4(ITALY_T3, Africa; IBERIA_T2, EUROPE_NW_T5) [Italy→Iberia?]	PARTIAL	n<2: EUROPE_NW_T5
ITALY_T3	AFRICA_W_T0	IBERIA_T3	LEVANT_T0	C_reverse	f4(ITALY_T3, Africa; IBERIA_T3, LEVANT_T0) [Italy→Iberia?]	PARTIAL	n<2: IBERIA_T3
ITALY_T3	AFRICA_W_T0	IBERIA_T3	LEVANT_T1	C_reverse	f4(ITALY_T3, Africa; IBERIA_T3, LEVANT_T1) [Italy→Iberia?]	PARTIAL	n<2: IBERIA_T3
ITALY_T3	AFRICA_W_T0	IBERIA_T3	LEVANT_T2	C_reverse	f4(ITALY_T3, Africa; IBERIA_T3, LEVANT_T2) [Italy→Iberia?]	PARTIAL	n<2: IBERIA_T3
ITALY_T3	AFRICA_W_T0	IBERIA_T3	LEVANT_T3	C_reverse	f4(ITALY_T3, Africa; IBERIA_T3, LEVANT_T3) [Italy→Iberia?]	PARTIAL	n<2: IBERIA_T3
ITALY_T3	AFRICA_W_T0	IBERIA_T3	EUROPE_NW_T4	C_reverse	f4(ITALY_T3, Africa; IBERIA_T3, EUROPE_NW_T4) [Italy→Iberia?]	PARTIAL	n<2: IBERIA_T3
ITALY_T3	AFRICA_W_T0	IBERIA_T3	EUROPE_NW_T3	C_reverse	f4(ITALY_T3, Africa; IBERIA_T3, EUROPE_NW_T3) [Italy→Iberia?]	PARTIAL	n<2: IBERIA_T3
ITALY_T3	AFRICA_W_T0	IBERIA_T3	EUROPE_NW_T1	C_reverse	f4(ITALY_T3, Africa; IBERIA_T3, EUROPE_NW_T1) [Italy→Iberia?]	PARTIAL	n<2: IBERIA_T3
ITALY_T3	AFRICA_W_T0	IBERIA_T3	EUROPE_NW_T5	C_reverse	f4(ITALY_T3, Africa; IBERIA_T3, EUROPE_NW_T5) [Italy→Iberia?]	PARTIAL	n<2: IBERIA_T3, EUROPE_NW_T5
ITALY_T3	AFRICA_W_T0	IBERIA_T3	EUROPE_NW_T0	C_reverse	f4(ITALY_T3, Africa; IBERIA_T3, EUROPE_NW_T0) [Italy→Iberia?]	PARTIAL	n<2: IBERIA_T3
ITALY_T3	AFRICA_W_T0	IBERIA_T3	EUROPE_NW_T2	C_reverse	f4(ITALY_T3, Africa; IBERIA_T3, EUROPE_NW_T2) [Italy→Iberia?]	PARTIAL	n<2: IBERIA_T3
ITALY_T3	AFRICA_W_T0	IBERIA_T3	GREECE_T1	C_reverse	f4(ITALY_T3, Africa; IBERIA_T3, GREECE_T1) [Italy→Iberia?]	PARTIAL	n<2: IBERIA_T3
ITALY_T3	AFRICA_W_T0	IBERIA_T3	GREECE_T0	C_reverse	f4(ITALY_T3, Africa; IBERIA_T3, GREECE_T0) [Italy→Iberia?]	PARTIAL	n<2: IBERIA_T3
ITALY_T3	AFRICA_W_T0	IBERIA_T3	GREECE_T2	C_reverse	f4(ITALY_T3, Africa; IBERIA_T3, GREECE_T2) [Italy→Iberia?]	PARTIAL	n<2: IBERIA_T3
ITALY_T1	AFRICA_W_T0	IBERIA_T0	EUROPE_NW_T5	C_reverse	f4(ITALY_T1, Africa; IBERIA_T0, EUROPE_NW_T5) [Italy→Iberia?]	PARTIAL	n<2: EUROPE_NW_T5
ITALY_T1	AFRICA_W_T0	IBERIA_T1	EUROPE_NW_T5	C_reverse	f4(ITALY_T1, Africa; IBERIA_T1, EUROPE_NW_T5) [Italy→Iberia?]	PARTIAL	n<2: EUROPE_NW_T5
ITALY_T1	AFRICA_W_T0	IBERIA_T2	EUROPE_NW_T5	C_reverse	f4(ITALY_T1, Africa; IBERIA_T2, EUROPE_NW_T5) [Italy→Iberia?]	PARTIAL	n<2: EUROPE_NW_T5
ITALY_T1	AFRICA_W_T0	IBERIA_T3	LEVANT_T0	C_reverse	f4(ITALY_T1, Africa; IBERIA_T3, LEVANT_T0) [Italy→Iberia?]	PARTIAL	n<2: IBERIA_T3
ITALY_T1	AFRICA_W_T0	IBERIA_T3	LEVANT_T1	C_reverse	f4(ITALY_T1, Africa; IBERIA_T3, LEVANT_T1) [Italy→Iberia?]	PARTIAL	n<2: IBERIA_T3
ITALY_T1	AFRICA_W_T0	IBERIA_T3	LEVANT_T2	C_reverse	f4(ITALY_T1, Africa; IBERIA_T3, LEVANT_T2) [Italy→Iberia?]	PARTIAL	n<2: IBERIA_T3
ITALY_T1	AFRICA_W_T0	IBERIA_T3	LEVANT_T3	C_reverse	f4(ITALY_T1, Africa; IBERIA_T3, LEVANT_T3) [Italy→Iberia?]	PARTIAL	n<2: IBERIA_T3
ITALY_T1	AFRICA_W_T0	IBERIA_T3	EUROPE_NW_T4	C_reverse	f4(ITALY_T1, Africa; IBERIA_T3, EUROPE_NW_T4) [Italy→Iberia?]	PARTIAL	n<2: IBERIA_T3
ITALY_T1	AFRICA_W_T0	IBERIA_T3	EUROPE_NW_T3	C_reverse	f4(ITALY_T1, Africa; IBERIA_T3, EUROPE_NW_T3) [Italy→Iberia?]	PARTIAL	n<2: IBERIA_T3
ITALY_T1	AFRICA_W_T0	IBERIA_T3	EUROPE_NW_T1	C_reverse	f4(ITALY_T1, Africa; IBERIA_T3, EUROPE_NW_T1) [Italy→Iberia?]	PARTIAL	n<2: IBERIA_T3
ITALY_T1	AFRICA_W_T0	IBERIA_T3	EUROPE_NW_T5	C_reverse	f4(ITALY_T1, Africa; IBERIA_T3, EUROPE_NW_T5) [Italy→Iberia?]	PARTIAL	n<2: IBERIA_T3, EUROPE_NW_T5
ITALY_T1	AFRICA_W_T0	IBERIA_T3	EUROPE_NW_T0	C_reverse	f4(ITALY_T1, Africa; IBERIA_T3, EUROPE_NW_T0) [Italy→Iberia?]	PARTIAL	n<2: IBERIA_T3
ITALY_T1	AFRICA_W_T0	IBERIA_T3	EUROPE_NW_T2	C_reverse	f4(ITALY_T1, Africa; IBERIA_T3, EUROPE_NW_T2) [Italy→Iberia?]	PARTIAL	n<2: IBERIA_T3
ITALY_T1	AFRICA_W_T0	IBERIA_T3	GREECE_T1	C_reverse	f4(ITALY_T1, Africa; IBERIA_T3, GREECE_T1) [Italy→Iberia?]	PARTIAL	n<2: IBERIA_T3
ITALY_T1	AFRICA_W_T0	IBERIA_T3	GREECE_T0	C_reverse	f4(ITALY_T1, Africa; IBERIA_T3, GREECE_T0) [Italy→Iberia?]	PARTIAL	n<2: IBERIA_T3
ITALY_T1	AFRICA_W_T0	IBERIA_T3	GREECE_T2	C_reverse	f4(ITALY_T1, Africa; IBERIA_T3, GREECE_T2) [Italy→Iberia?]	PARTIAL	n<2: IBERIA_T3
ITALY_T4	AFRICA_W_T0	IBERIA_T0	EUROPE_NW_T5	C_reverse	f4(ITALY_T4, Africa; IBERIA_T0, EUROPE_NW_T5) [Italy→Iberia?]	PARTIAL	n<2: EUROPE_NW_T5
ITALY_T4	AFRICA_W_T0	IBERIA_T1	EUROPE_NW_T5	C_reverse	f4(ITALY_T4, Africa; IBERIA_T1, EUROPE_NW_T5) [Italy→Iberia?]	PARTIAL	n<2: EUROPE_NW_T5
ITALY_T4	AFRICA_W_T0	IBERIA_T2	EUROPE_NW_T5	C_reverse	f4(ITALY_T4, Africa; IBERIA_T2, EUROPE_NW_T5) [Italy→Iberia?]	PARTIAL	n<2: EUROPE_NW_T5
ITALY_T4	AFRICA_W_T0	IBERIA_T3	LEVANT_T0	C_reverse	f4(ITALY_T4, Africa; IBERIA_T3, LEVANT_T0) [Italy→Iberia?]	PARTIAL	n<2: IBERIA_T3
ITALY_T4	AFRICA_W_T0	IBERIA_T3	LEVANT_T1	C_reverse	f4(ITALY_T4, Africa; IBERIA_T3, LEVANT_T1) [Italy→Iberia?]	PARTIAL	n<2: IBERIA_T3
ITALY_T4	AFRICA_W_T0	IBERIA_T3	LEVANT_T2	C_reverse	f4(ITALY_T4, Africa; IBERIA_T3, LEVANT_T2) [Italy→Iberia?]	PARTIAL	n<2: IBERIA_T3
ITALY_T4	AFRICA_W_T0	IBERIA_T3	LEVANT_T3	C_reverse	f4(ITALY_T4, Africa; IBERIA_T3, LEVANT_T3) [Italy→Iberia?]	PARTIAL	n<2: IBERIA_T3
ITALY_T4	AFRICA_W_T0	IBERIA_T3	EUROPE_NW_T4	C_reverse	f4(ITALY_T4, Africa; IBERIA_T3, EUROPE_NW_T4) [Italy→Iberia?]	PARTIAL	n<2: IBERIA_T3
ITALY_T4	AFRICA_W_T0	IBERIA_T3	EUROPE_NW_T3	C_reverse	f4(ITALY_T4, Africa; IBERIA_T3, EUROPE_NW_T3) [Italy→Iberia?]	PARTIAL	n<2: IBERIA_T3
ITALY_T4	AFRICA_W_T0	IBERIA_T3	EUROPE_NW_T1	C_reverse	f4(ITALY_T4, Africa; IBERIA_T3, EUROPE_NW_T1) [Italy→Iberia?]	PARTIAL	n<2: IBERIA_T3
ITALY_T4	AFRICA_W_T0	IBERIA_T3	EUROPE_NW_T5	C_reverse	f4(ITALY_T4, Africa; IBERIA_T3, EUROPE_NW_T5) [Italy→Iberia?]	PARTIAL	n<2: IBERIA_T3, EUROPE_NW_T5
ITALY_T4	AFRICA_W_T0	IBERIA_T3	EUROPE_NW_T0	C_reverse	f4(ITALY_T4, Africa; IBERIA_T3, EUROPE_NW_T0) [Italy→Iberia?]	PARTIAL	n<2: IBERIA_T3
ITALY_T4	AFRICA_W_T0	IBERIA_T3	EUROPE_NW_T2	C_reverse	f4(ITALY_T4, Africa; IBERIA_T3, EUROPE_NW_T2) [Italy→Iberia?]	PARTIAL	n<2: IBERIA_T3
ITALY_T4	AFRICA_W_T0	IBERIA_T3	GREECE_T1	C_reverse	f4(ITALY_T4, Africa; IBERIA_T3, GREECE_T1) [Italy→Iberia?]	PARTIAL	n<2: IBERIA_T3
ITALY_T4	AFRICA_W_T0	IBERIA_T3	GREECE_T0	C_reverse	f4(ITALY_T4, Africa; IBERIA_T3, GREECE_T0) [Italy→Iberia?]	PARTIAL	n<2: IBERIA_T3
ITALY_T4	AFRICA_W_T0	IBERIA_T3	GREECE_T2	C_reverse	f4(ITALY_T4, Africa; IBERIA_T3, GREECE_T2) [Italy→Iberia?]	PARTIAL	n<2: IBERIA_T3
ITALY_T2	AFRICA_W_T0	IBERIA_T0	EUROPE_NW_T5	C_reverse	f4(ITALY_T2, Africa; IBERIA_T0, EUROPE_NW_T5) [Italy→Iberia?]	PARTIAL	n<2: EUROPE_NW_T5
ITALY_T2	AFRICA_W_T0	IBERIA_T1	EUROPE_NW_T5	C_reverse	f4(ITALY_T2, Africa; IBERIA_T1, EUROPE_NW_T5) [Italy→Iberia?]	PARTIAL	n<2: EUROPE_NW_T5
ITALY_T2	AFRICA_W_T0	IBERIA_T2	EUROPE_NW_T5	C_reverse	f4(ITALY_T2, Africa; IBERIA_T2, EUROPE_NW_T5) [Italy→Iberia?]	PARTIAL	n<2: EUROPE_NW_T5
ITALY_T2	AFRICA_W_T0	IBERIA_T3	LEVANT_T0	C_reverse	f4(ITALY_T2, Africa; IBERIA_T3, LEVANT_T0) [Italy→Iberia?]	PARTIAL	n<2: IBERIA_T3
ITALY_T2	AFRICA_W_T0	IBERIA_T3	LEVANT_T1	C_reverse	f4(ITALY_T2, Africa; IBERIA_T3, LEVANT_T1) [Italy→Iberia?]	PARTIAL	n<2: IBERIA_T3
ITALY_T2	AFRICA_W_T0	IBERIA_T3	LEVANT_T2	C_reverse	f4(ITALY_T2, Africa; IBERIA_T3, LEVANT_T2) [Italy→Iberia?]	PARTIAL	n<2: IBERIA_T3
ITALY_T2	AFRICA_W_T0	IBERIA_T3	LEVANT_T3	C_reverse	f4(ITALY_T2, Africa; IBERIA_T3, LEVANT_T3) [Italy→Iberia?]	PARTIAL	n<2: IBERIA_T3
ITALY_T2	AFRICA_W_T0	IBERIA_T3	EUROPE_NW_T4	C_reverse	f4(ITALY_T2, Africa; IBERIA_T3, EUROPE_NW_T4) [Italy→Iberia?]	PARTIAL	n<2: IBERIA_T3
ITALY_T2	AFRICA_W_T0	IBERIA_T3	EUROPE_NW_T3	C_reverse	f4(ITALY_T2, Africa; IBERIA_T3, EUROPE_NW_T3) [Italy→Iberia?]	PARTIAL	n<2: IBERIA_T3
ITALY_T2	AFRICA_W_T0	IBERIA_T3	EUROPE_NW_T1	C_reverse	f4(ITALY_T2, Africa; IBERIA_T3, EUROPE_NW_T1) [Italy→Iberia?]	PARTIAL	n<2: IBERIA_T3
ITALY_T2	AFRICA_W_T0	IBERIA_T3	EUROPE_NW_T5	C_reverse	f4(ITALY_T2, Africa; IBERIA_T3, EUROPE_NW_T5) [Italy→Iberia?]	PARTIAL	n<2: IBERIA_T3, EUROPE_NW_T5
ITALY_T2	AFRICA_W_T0	IBERIA_T3	EUROPE_NW_T0	C_reverse	f4(ITALY_T2, Africa; IBERIA_T3, EUROPE_NW_T0) [Italy→Iberia?]	PARTIAL	n<2: IBERIA_T3
ITALY_T2	AFRICA_W_T0	IBERIA_T3	EUROPE_NW_T2	C_reverse	f4(ITALY_T2, Africa; IBERIA_T3, EUROPE_NW_T2) [Italy→Iberia?]	PARTIAL	n<2: IBERIA_T3
ITALY_T2	AFRICA_W_T0	IBERIA_T3	GREECE_T1	C_reverse	f4(ITALY_T2, Africa; IBERIA_T3, GREECE_T1) [Italy→Iberia?]	PARTIAL	n<2: IBERIA_T3
ITALY_T2	AFRICA_W_T0	IBERIA_T3	GREECE_T0	C_reverse	f4(ITALY_T2, Africa; IBERIA_T3, GREECE_T0) [Italy→Iberia?]	PARTIAL	n<2: IBERIA_T3
ITALY_T2	AFRICA_W_T0	IBERIA_T3	GREECE_T2	C_reverse	f4(ITALY_T2, Africa; IBERIA_T3, GREECE_T2) [Italy→Iberia?]	PARTIAL	n<2: IBERIA_T3
SICILY_T0	AFRICA_W_T0	IBERIA_T0	EUROPE_NW_T5	C_reverse	f4(SICILY_T0, Africa; IBERIA_T0, EUROPE_NW_T5) [Italy→Iberia?]	PARTIAL	n<2: EUROPE_NW_T5
SICILY_T0	AFRICA_W_T0	IBERIA_T1	EUROPE_NW_T5	C_reverse	f4(SICILY_T0, Africa; IBERIA_T1, EUROPE_NW_T5) [Italy→Iberia?]	PARTIAL	n<2: EUROPE_NW_T5
SICILY_T0	AFRICA_W_T0	IBERIA_T2	EUROPE_NW_T5	C_reverse	f4(SICILY_T0, Africa; IBERIA_T2, EUROPE_NW_T5) [Italy→Iberia?]	PARTIAL	n<2: EUROPE_NW_T5
SICILY_T0	AFRICA_W_T0	IBERIA_T3	LEVANT_T0	C_reverse	f4(SICILY_T0, Africa; IBERIA_T3, LEVANT_T0) [Italy→Iberia?]	PARTIAL	n<2: IBERIA_T3
SICILY_T0	AFRICA_W_T0	IBERIA_T3	LEVANT_T1	C_reverse	f4(SICILY_T0, Africa; IBERIA_T3, LEVANT_T1) [Italy→Iberia?]	PARTIAL	n<2: IBERIA_T3
SICILY_T0	AFRICA_W_T0	IBERIA_T3	LEVANT_T2	C_reverse	f4(SICILY_T0, Africa; IBERIA_T3, LEVANT_T2) [Italy→Iberia?]	PARTIAL	n<2: IBERIA_T3
SICILY_T0	AFRICA_W_T0	IBERIA_T3	LEVANT_T3	C_reverse	f4(SICILY_T0, Africa; IBERIA_T3, LEVANT_T3) [Italy→Iberia?]	PARTIAL	n<2: IBERIA_T3
SICILY_T0	AFRICA_W_T0	IBERIA_T3	EUROPE_NW_T4	C_reverse	f4(SICILY_T0, Africa; IBERIA_T3, EUROPE_NW_T4) [Italy→Iberia?]	PARTIAL	n<2: IBERIA_T3
SICILY_T0	AFRICA_W_T0	IBERIA_T3	EUROPE_NW_T3	C_reverse	f4(SICILY_T0, Africa; IBERIA_T3, EUROPE_NW_T3) [Italy→Iberia?]	PARTIAL	n<2: IBERIA_T3
SICILY_T0	AFRICA_W_T0	IBERIA_T3	EUROPE_NW_T1	C_reverse	f4(SICILY_T0, Africa; IBERIA_T3, EUROPE_NW_T1) [Italy→Iberia?]	PARTIAL	n<2: IBERIA_T3
SICILY_T0	AFRICA_W_T0	IBERIA_T3	EUROPE_NW_T5	C_reverse	f4(SICILY_T0, Africa; IBERIA_T3, EUROPE_NW_T5) [Italy→Iberia?]	PARTIAL	n<2: IBERIA_T3, EUROPE_NW_T5
SICILY_T0	AFRICA_W_T0	IBERIA_T3	EUROPE_NW_T0	C_reverse	f4(SICILY_T0, Africa; IBERIA_T3, EUROPE_NW_T0) [Italy→Iberia?]	PARTIAL	n<2: IBERIA_T3
SICILY_T0	AFRICA_W_T0	IBERIA_T3	EUROPE_NW_T2	C_reverse	f4(SICILY_T0, Africa; IBERIA_T3, EUROPE_NW_T2) [Italy→Iberia?]	PARTIAL	n<2: IBERIA_T3
SICILY_T0	AFRICA_W_T0	IBERIA_T3	GREECE_T1	C_reverse	f4(SICILY_T0, Africa; IBERIA_T3, GREECE_T1) [Italy→Iberia?]	PARTIAL	n<2: IBERIA_T3
SICILY_T0	AFRICA_W_T0	IBERIA_T3	GREECE_T0	C_reverse	f4(SICILY_T0, Africa; IBERIA_T3, GREECE_T0) [Italy→Iberia?]	PARTIAL	n<2: IBERIA_T3
SICILY_T0	AFRICA_W_T0	IBERIA_T3	GREECE_T2	C_reverse	f4(SICILY_T0, Africa; IBERIA_T3, GREECE_T2) [Italy→Iberia?]	PARTIAL	n<2: IBERIA_T3
SICILY_T3	AFRICA_W_T0	IBERIA_T0	EUROPE_NW_T5	C_reverse	f4(SICILY_T3, Africa; IBERIA_T0, EUROPE_NW_T5) [Italy→Iberia?]	PARTIAL	n<2: EUROPE_NW_T5
SICILY_T3	AFRICA_W_T0	IBERIA_T1	EUROPE_NW_T5	C_reverse	f4(SICILY_T3, Africa; IBERIA_T1, EUROPE_NW_T5) [Italy→Iberia?]	PARTIAL	n<2: EUROPE_NW_T5
SICILY_T3	AFRICA_W_T0	IBERIA_T2	EUROPE_NW_T5	C_reverse	f4(SICILY_T3, Africa; IBERIA_T2, EUROPE_NW_T5) [Italy→Iberia?]	PARTIAL	n<2: EUROPE_NW_T5
SICILY_T3	AFRICA_W_T0	IBERIA_T3	LEVANT_T0	C_reverse	f4(SICILY_T3, Africa; IBERIA_T3, LEVANT_T0) [Italy→Iberia?]	PARTIAL	n<2: IBERIA_T3
SICILY_T3	AFRICA_W_T0	IBERIA_T3	LEVANT_T1	C_reverse	f4(SICILY_T3, Africa; IBERIA_T3, LEVANT_T1) [Italy→Iberia?]	PARTIAL	n<2: IBERIA_T3
SICILY_T3	AFRICA_W_T0	IBERIA_T3	LEVANT_T2	C_reverse	f4(SICILY_T3, Africa; IBERIA_T3, LEVANT_T2) [Italy→Iberia?]	PARTIAL	n<2: IBERIA_T3
SICILY_T3	AFRICA_W_T0	IBERIA_T3	LEVANT_T3	C_reverse	f4(SICILY_T3, Africa; IBERIA_T3, LEVANT_T3) [Italy→Iberia?]	PARTIAL	n<2: IBERIA_T3
SICILY_T3	AFRICA_W_T0	IBERIA_T3	EUROPE_NW_T4	C_reverse	f4(SICILY_T3, Africa; IBERIA_T3, EUROPE_NW_T4) [Italy→Iberia?]	PARTIAL	n<2: IBERIA_T3
SICILY_T3	AFRICA_W_T0	IBERIA_T3	EUROPE_NW_T3	C_reverse	f4(SICILY_T3, Africa; IBERIA_T3, EUROPE_NW_T3) [Italy→Iberia?]	PARTIAL	n<2: IBERIA_T3
SICILY_T3	AFRICA_W_T0	IBERIA_T3	EUROPE_NW_T1	C_reverse	f4(SICILY_T3, Africa; IBERIA_T3, EUROPE_NW_T1) [Italy→Iberia?]	PARTIAL	n<2: IBERIA_T3
SICILY_T3	AFRICA_W_T0	IBERIA_T3	EUROPE_NW_T5	C_reverse	f4(SICILY_T3, Africa; IBERIA_T3, EUROPE_NW_T5) [Italy→Iberia?]	PARTIAL	n<2: IBERIA_T3, EUROPE_NW_T5
SICILY_T3	AFRICA_W_T0	IBERIA_T3	EUROPE_NW_T0	C_reverse	f4(SICILY_T3, Africa; IBERIA_T3, EUROPE_NW_T0) [Italy→Iberia?]	PARTIAL	n<2: IBERIA_T3
SICILY_T3	AFRICA_W_T0	IBERIA_T3	EUROPE_NW_T2	C_reverse	f4(SICILY_T3, Africa; IBERIA_T3, EUROPE_NW_T2) [Italy→Iberia?]	PARTIAL	n<2: IBERIA_T3
SICILY_T3	AFRICA_W_T0	IBERIA_T3	GREECE_T1	C_reverse	f4(SICILY_T3, Africa; IBERIA_T3, GREECE_T1) [Italy→Iberia?]	PARTIAL	n<2: IBERIA_T3
SICILY_T3	AFRICA_W_T0	IBERIA_T3	GREECE_T0	C_reverse	f4(SICILY_T3, Africa; IBERIA_T3, GREECE_T0) [Italy→Iberia?]	PARTIAL	n<2: IBERIA_T3
SICILY_T3	AFRICA_W_T0	IBERIA_T3	GREECE_T2	C_reverse	f4(SICILY_T3, Africa; IBERIA_T3, GREECE_T2) [Italy→Iberia?]	PARTIAL	n<2: IBERIA_T3
SICILY_T1	AFRICA_W_T0	IBERIA_T0	EUROPE_NW_T5	C_reverse	f4(SICILY_T1, Africa; IBERIA_T0, EUROPE_NW_T5) [Italy→Iberia?]	PARTIAL	n<2: EUROPE_NW_T5
SICILY_T1	AFRICA_W_T0	IBERIA_T1	EUROPE_NW_T5	C_reverse	f4(SICILY_T1, Africa; IBERIA_T1, EUROPE_NW_T5) [Italy→Iberia?]	PARTIAL	n<2: EUROPE_NW_T5
SICILY_T1	AFRICA_W_T0	IBERIA_T2	EUROPE_NW_T5	C_reverse	f4(SICILY_T1, Africa; IBERIA_T2, EUROPE_NW_T5) [Italy→Iberia?]	PARTIAL	n<2: EUROPE_NW_T5
SICILY_T1	AFRICA_W_T0	IBERIA_T3	LEVANT_T0	C_reverse	f4(SICILY_T1, Africa; IBERIA_T3, LEVANT_T0) [Italy→Iberia?]	PARTIAL	n<2: IBERIA_T3
SICILY_T1	AFRICA_W_T0	IBERIA_T3	LEVANT_T1	C_reverse	f4(SICILY_T1, Africa; IBERIA_T3, LEVANT_T1) [Italy→Iberia?]	PARTIAL	n<2: IBERIA_T3
SICILY_T1	AFRICA_W_T0	IBERIA_T3	LEVANT_T2	C_reverse	f4(SICILY_T1, Africa; IBERIA_T3, LEVANT_T2) [Italy→Iberia?]	PARTIAL	n<2: IBERIA_T3
SICILY_T1	AFRICA_W_T0	IBERIA_T3	LEVANT_T3	C_reverse	f4(SICILY_T1, Africa; IBERIA_T3, LEVANT_T3) [Italy→Iberia?]	PARTIAL	n<2: IBERIA_T3
SICILY_T1	AFRICA_W_T0	IBERIA_T3	EUROPE_NW_T4	C_reverse	f4(SICILY_T1, Africa; IBERIA_T3, EUROPE_NW_T4) [Italy→Iberia?]	PARTIAL	n<2: IBERIA_T3
SICILY_T1	AFRICA_W_T0	IBERIA_T3	EUROPE_NW_T3	C_reverse	f4(SICILY_T1, Africa; IBERIA_T3, EUROPE_NW_T3) [Italy→Iberia?]	PARTIAL	n<2: IBERIA_T3
SICILY_T1	AFRICA_W_T0	IBERIA_T3	EUROPE_NW_T1	C_reverse	f4(SICILY_T1, Africa; IBERIA_T3, EUROPE_NW_T1) [Italy→Iberia?]	PARTIAL	n<2: IBERIA_T3
SICILY_T1	AFRICA_W_T0	IBERIA_T3	EUROPE_NW_T5	C_reverse	f4(SICILY_T1, Africa; IBERIA_T3, EUROPE_NW_T5) [Italy→Iberia?]	PARTIAL	n<2: IBERIA_T3, EUROPE_NW_T5
SICILY_T1	AFRICA_W_T0	IBERIA_T3	EUROPE_NW_T0	C_reverse	f4(SICILY_T1, Africa; IBERIA_T3, EUROPE_NW_T0) [Italy→Iberia?]	PARTIAL	n<2: IBERIA_T3
SICILY_T1	AFRICA_W_T0	IBERIA_T3	EUROPE_NW_T2	C_reverse	f4(SICILY_T1, Africa; IBERIA_T3, EUROPE_NW_T2) [Italy→Iberia?]	PARTIAL	n<2: IBERIA_T3
SICILY_T1	AFRICA_W_T0	IBERIA_T3	GREECE_T1	C_reverse	f4(SICILY_T1, Africa; IBERIA_T3, GREECE_T1) [Italy→Iberia?]	PARTIAL	n<2: IBERIA_T3
SICILY_T1	AFRICA_W_T0	IBERIA_T3	GREECE_T0	C_reverse	f4(SICILY_T1, Africa; IBERIA_T3, GREECE_T0) [Italy→Iberia?]	PARTIAL	n<2: IBERIA_T3
SICILY_T1	AFRICA_W_T0	IBERIA_T3	GREECE_T2	C_reverse	f4(SICILY_T1, Africa; IBERIA_T3, GREECE_T2) [Italy→Iberia?]	PARTIAL	n<2: IBERIA_T3
SICILY_T2	AFRICA_W_T0	IBERIA_T0	EUROPE_NW_T5	C_reverse	f4(SICILY_T2, Africa; IBERIA_T0, EUROPE_NW_T5) [Italy→Iberia?]	PARTIAL	n<2: EUROPE_NW_T5
SICILY_T2	AFRICA_W_T0	IBERIA_T1	EUROPE_NW_T5	C_reverse	f4(SICILY_T2, Africa; IBERIA_T1, EUROPE_NW_T5) [Italy→Iberia?]	PARTIAL	n<2: EUROPE_NW_T5
SICILY_T2	AFRICA_W_T0	IBERIA_T2	EUROPE_NW_T5	C_reverse	f4(SICILY_T2, Africa; IBERIA_T2, EUROPE_NW_T5) [Italy→Iberia?]	PARTIAL	n<2: EUROPE_NW_T5
SICILY_T2	AFRICA_W_T0	IBERIA_T3	LEVANT_T0	C_reverse	f4(SICILY_T2, Africa; IBERIA_T3, LEVANT_T0) [Italy→Iberia?]	PARTIAL	n<2: IBERIA_T3
SICILY_T2	AFRICA_W_T0	IBERIA_T3	LEVANT_T1	C_reverse	f4(SICILY_T2, Africa; IBERIA_T3, LEVANT_T1) [Italy→Iberia?]	PARTIAL	n<2: IBERIA_T3
SICILY_T2	AFRICA_W_T0	IBERIA_T3	LEVANT_T2	C_reverse	f4(SICILY_T2, Africa; IBERIA_T3, LEVANT_T2) [Italy→Iberia?]	PARTIAL	n<2: IBERIA_T3
SICILY_T2	AFRICA_W_T0	IBERIA_T3	LEVANT_T3	C_reverse	f4(SICILY_T2, Africa; IBERIA_T3, LEVANT_T3) [Italy→Iberia?]	PARTIAL	n<2: IBERIA_T3
SICILY_T2	AFRICA_W_T0	IBERIA_T3	EUROPE_NW_T4	C_reverse	f4(SICILY_T2, Africa; IBERIA_T3, EUROPE_NW_T4) [Italy→Iberia?]	PARTIAL	n<2: IBERIA_T3
SICILY_T2	AFRICA_W_T0	IBERIA_T3	EUROPE_NW_T3	C_reverse	f4(SICILY_T2, Africa; IBERIA_T3, EUROPE_NW_T3) [Italy→Iberia?]	PARTIAL	n<2: IBERIA_T3
SICILY_T2	AFRICA_W_T0	IBERIA_T3	EUROPE_NW_T1	C_reverse	f4(SICILY_T2, Africa; IBERIA_T3, EUROPE_NW_T1) [Italy→Iberia?]	PARTIAL	n<2: IBERIA_T3
SICILY_T2	AFRICA_W_T0	IBERIA_T3	EUROPE_NW_T5	C_reverse	f4(SICILY_T2, Africa; IBERIA_T3, EUROPE_NW_T5) [Italy→Iberia?]	PARTIAL	n<2: IBERIA_T3, EUROPE_NW_T5
SICILY_T2	AFRICA_W_T0	IBERIA_T3	EUROPE_NW_T0	C_reverse	f4(SICILY_T2, Africa; IBERIA_T3, EUROPE_NW_T0) [Italy→Iberia?]	PARTIAL	n<2: IBERIA_T3
SICILY_T2	AFRICA_W_T0	IBERIA_T3	EUROPE_NW_T2	C_reverse	f4(SICILY_T2, Africa; IBERIA_T3, EUROPE_NW_T2) [Italy→Iberia?]	PARTIAL	n<2: IBERIA_T3
SICILY_T2	AFRICA_W_T0	IBERIA_T3	GREECE_T1	C_reverse	f4(SICILY_T2, Africa; IBERIA_T3, GREECE_T1) [Italy→Iberia?]	PARTIAL	n<2: IBERIA_T3
SICILY_T2	AFRICA_W_T0	IBERIA_T3	GREECE_T0	C_reverse	f4(SICILY_T2, Africa; IBERIA_T3, GREECE_T0) [Italy→Iberia?]	PARTIAL	n<2: IBERIA_T3
SICILY_T2	AFRICA_W_T0	IBERIA_T3	GREECE_T2	C_reverse	f4(SICILY_T2, Africa; IBERIA_T3, GREECE_T2) [Italy→Iberia?]	PARTIAL	n<2: IBERIA_T3
SARDINIA_T0	AFRICA_W_T0	IBERIA_T0	EUROPE_NW_T5	C_reverse	f4(SARDINIA_T0, Africa; IBERIA_T0, EUROPE_NW_T5) [Italy→Iberia?]	PARTIAL	n<2: EUROPE_NW_T5
SARDINIA_T0	AFRICA_W_T0	IBERIA_T1	EUROPE_NW_T5	C_reverse	f4(SARDINIA_T0, Africa; IBERIA_T1, EUROPE_NW_T5) [Italy→Iberia?]	PARTIAL	n<2: EUROPE_NW_T5
SARDINIA_T0	AFRICA_W_T0	IBERIA_T2	EUROPE_NW_T5	C_reverse	f4(SARDINIA_T0, Africa; IBERIA_T2, EUROPE_NW_T5) [Italy→Iberia?]	PARTIAL	n<2: EUROPE_NW_T5
SARDINIA_T0	AFRICA_W_T0	IBERIA_T3	LEVANT_T0	C_reverse	f4(SARDINIA_T0, Africa; IBERIA_T3, LEVANT_T0) [Italy→Iberia?]	PARTIAL	n<2: IBERIA_T3
SARDINIA_T0	AFRICA_W_T0	IBERIA_T3	LEVANT_T1	C_reverse	f4(SARDINIA_T0, Africa; IBERIA_T3, LEVANT_T1) [Italy→Iberia?]	PARTIAL	n<2: IBERIA_T3
SARDINIA_T0	AFRICA_W_T0	IBERIA_T3	LEVANT_T2	C_reverse	f4(SARDINIA_T0, Africa; IBERIA_T3, LEVANT_T2) [Italy→Iberia?]	PARTIAL	n<2: IBERIA_T3
SARDINIA_T0	AFRICA_W_T0	IBERIA_T3	LEVANT_T3	C_reverse	f4(SARDINIA_T0, Africa; IBERIA_T3, LEVANT_T3) [Italy→Iberia?]	PARTIAL	n<2: IBERIA_T3
SARDINIA_T0	AFRICA_W_T0	IBERIA_T3	EUROPE_NW_T4	C_reverse	f4(SARDINIA_T0, Africa; IBERIA_T3, EUROPE_NW_T4) [Italy→Iberia?]	PARTIAL	n<2: IBERIA_T3
SARDINIA_T0	AFRICA_W_T0	IBERIA_T3	EUROPE_NW_T3	C_reverse	f4(SARDINIA_T0, Africa; IBERIA_T3, EUROPE_NW_T3) [Italy→Iberia?]	PARTIAL	n<2: IBERIA_T3
SARDINIA_T0	AFRICA_W_T0	IBERIA_T3	EUROPE_NW_T1	C_reverse	f4(SARDINIA_T0, Africa; IBERIA_T3, EUROPE_NW_T1) [Italy→Iberia?]	PARTIAL	n<2: IBERIA_T3
SARDINIA_T0	AFRICA_W_T0	IBERIA_T3	EUROPE_NW_T5	C_reverse	f4(SARDINIA_T0, Africa; IBERIA_T3, EUROPE_NW_T5) [Italy→Iberia?]	PARTIAL	n<2: IBERIA_T3, EUROPE_NW_T5
SARDINIA_T0	AFRICA_W_T0	IBERIA_T3	EUROPE_NW_T0	C_reverse	f4(SARDINIA_T0, Africa; IBERIA_T3, EUROPE_NW_T0) [Italy→Iberia?]	PARTIAL	n<2: IBERIA_T3
SARDINIA_T0	AFRICA_W_T0	IBERIA_T3	EUROPE_NW_T2	C_reverse	f4(SARDINIA_T0, Africa; IBERIA_T3, EUROPE_NW_T2) [Italy→Iberia?]	PARTIAL	n<2: IBERIA_T3
SARDINIA_T0	AFRICA_W_T0	IBERIA_T3	GREECE_T1	C_reverse	f4(SARDINIA_T0, Africa; IBERIA_T3, GREECE_T1) [Italy→Iberia?]	PARTIAL	n<2: IBERIA_T3
SARDINIA_T0	AFRICA_W_T0	IBERIA_T3	GREECE_T0	C_reverse	f4(SARDINIA_T0, Africa; IBERIA_T3, GREECE_T0) [Italy→Iberia?]	PARTIAL	n<2: IBERIA_T3
SARDINIA_T0	AFRICA_W_T0	IBERIA_T3	GREECE_T2	C_reverse	f4(SARDINIA_T0, Africa; IBERIA_T3, GREECE_T2) [Italy→Iberia?]	PARTIAL	n<2: IBERIA_T3
SARDINIA_T2	AFRICA_W_T0	IBERIA_T0	EUROPE_NW_T5	C_reverse	f4(SARDINIA_T2, Africa; IBERIA_T0, EUROPE_NW_T5) [Italy→Iberia?]	PARTIAL	n<2: EUROPE_NW_T5
SARDINIA_T2	AFRICA_W_T0	IBERIA_T1	EUROPE_NW_T5	C_reverse	f4(SARDINIA_T2, Africa; IBERIA_T1, EUROPE_NW_T5) [Italy→Iberia?]	PARTIAL	n<2: EUROPE_NW_T5
SARDINIA_T2	AFRICA_W_T0	IBERIA_T2	EUROPE_NW_T5	C_reverse	f4(SARDINIA_T2, Africa; IBERIA_T2, EUROPE_NW_T5) [Italy→Iberia?]	PARTIAL	n<2: EUROPE_NW_T5
SARDINIA_T2	AFRICA_W_T0	IBERIA_T3	LEVANT_T0	C_reverse	f4(SARDINIA_T2, Africa; IBERIA_T3, LEVANT_T0) [Italy→Iberia?]	PARTIAL	n<2: IBERIA_T3
SARDINIA_T2	AFRICA_W_T0	IBERIA_T3	LEVANT_T1	C_reverse	f4(SARDINIA_T2, Africa; IBERIA_T3, LEVANT_T1) [Italy→Iberia?]	PARTIAL	n<2: IBERIA_T3
SARDINIA_T2	AFRICA_W_T0	IBERIA_T3	LEVANT_T2	C_reverse	f4(SARDINIA_T2, Africa; IBERIA_T3, LEVANT_T2) [Italy→Iberia?]	PARTIAL	n<2: IBERIA_T3
SARDINIA_T2	AFRICA_W_T0	IBERIA_T3	LEVANT_T3	C_reverse	f4(SARDINIA_T2, Africa; IBERIA_T3, LEVANT_T3) [Italy→Iberia?]	PARTIAL	n<2: IBERIA_T3
SARDINIA_T2	AFRICA_W_T0	IBERIA_T3	EUROPE_NW_T4	C_reverse	f4(SARDINIA_T2, Africa; IBERIA_T3, EUROPE_NW_T4) [Italy→Iberia?]	PARTIAL	n<2: IBERIA_T3
SARDINIA_T2	AFRICA_W_T0	IBERIA_T3	EUROPE_NW_T3	C_reverse	f4(SARDINIA_T2, Africa; IBERIA_T3, EUROPE_NW_T3) [Italy→Iberia?]	PARTIAL	n<2: IBERIA_T3
SARDINIA_T2	AFRICA_W_T0	IBERIA_T3	EUROPE_NW_T1	C_reverse	f4(SARDINIA_T2, Africa; IBERIA_T3, EUROPE_NW_T1) [Italy→Iberia?]	PARTIAL	n<2: IBERIA_T3
SARDINIA_T2	AFRICA_W_T0	IBERIA_T3	EUROPE_NW_T5	C_reverse	f4(SARDINIA_T2, Africa; IBERIA_T3, EUROPE_NW_T5) [Italy→Iberia?]	PARTIAL	n<2: IBERIA_T3, EUROPE_NW_T5
SARDINIA_T2	AFRICA_W_T0	IBERIA_T3	EUROPE_NW_T0	C_reverse	f4(SARDINIA_T2, Africa; IBERIA_T3, EUROPE_NW_T0) [Italy→Iberia?]	PARTIAL	n<2: IBERIA_T3
SARDINIA_T2	AFRICA_W_T0	IBERIA_T3	EUROPE_NW_T2	C_reverse	f4(SARDINIA_T2, Africa; IBERIA_T3, EUROPE_NW_T2) [Italy→Iberia?]	PARTIAL	n<2: IBERIA_T3
SARDINIA_T2	AFRICA_W_T0	IBERIA_T3	GREECE_T1	C_reverse	f4(SARDINIA_T2, Africa; IBERIA_T3, GREECE_T1) [Italy→Iberia?]	PARTIAL	n<2: IBERIA_T3
SARDINIA_T2	AFRICA_W_T0	IBERIA_T3	GREECE_T0	C_reverse	f4(SARDINIA_T2, Africa; IBERIA_T3, GREECE_T0) [Italy→Iberia?]	PARTIAL	n<2: IBERIA_T3
SARDINIA_T2	AFRICA_W_T0	IBERIA_T3	GREECE_T2	C_reverse	f4(SARDINIA_T2, Africa; IBERIA_T3, GREECE_T2) [Italy→Iberia?]	PARTIAL	n<2: IBERIA_T3
SARDINIA_T1	AFRICA_W_T0	IBERIA_T0	EUROPE_NW_T5	C_reverse	f4(SARDINIA_T1, Africa; IBERIA_T0, EUROPE_NW_T5) [Italy→Iberia?]	PARTIAL	n<2: EUROPE_NW_T5
SARDINIA_T1	AFRICA_W_T0	IBERIA_T1	EUROPE_NW_T5	C_reverse	f4(SARDINIA_T1, Africa; IBERIA_T1, EUROPE_NW_T5) [Italy→Iberia?]	PARTIAL	n<2: EUROPE_NW_T5
SARDINIA_T1	AFRICA_W_T0	IBERIA_T2	EUROPE_NW_T5	C_reverse	f4(SARDINIA_T1, Africa; IBERIA_T2, EUROPE_NW_T5) [Italy→Iberia?]	PARTIAL	n<2: EUROPE_NW_T5
SARDINIA_T1	AFRICA_W_T0	IBERIA_T3	LEVANT_T0	C_reverse	f4(SARDINIA_T1, Africa; IBERIA_T3, LEVANT_T0) [Italy→Iberia?]	PARTIAL	n<2: IBERIA_T3
SARDINIA_T1	AFRICA_W_T0	IBERIA_T3	LEVANT_T1	C_reverse	f4(SARDINIA_T1, Africa; IBERIA_T3, LEVANT_T1) [Italy→Iberia?]	PARTIAL	n<2: IBERIA_T3
SARDINIA_T1	AFRICA_W_T0	IBERIA_T3	LEVANT_T2	C_reverse	f4(SARDINIA_T1, Africa; IBERIA_T3, LEVANT_T2) [Italy→Iberia?]	PARTIAL	n<2: IBERIA_T3
SARDINIA_T1	AFRICA_W_T0	IBERIA_T3	LEVANT_T3	C_reverse	f4(SARDINIA_T1, Africa; IBERIA_T3, LEVANT_T3) [Italy→Iberia?]	PARTIAL	n<2: IBERIA_T3
SARDINIA_T1	AFRICA_W_T0	IBERIA_T3	EUROPE_NW_T4	C_reverse	f4(SARDINIA_T1, Africa; IBERIA_T3, EUROPE_NW_T4) [Italy→Iberia?]	PARTIAL	n<2: IBERIA_T3
SARDINIA_T1	AFRICA_W_T0	IBERIA_T3	EUROPE_NW_T3	C_reverse	f4(SARDINIA_T1, Africa; IBERIA_T3, EUROPE_NW_T3) [Italy→Iberia?]	PARTIAL	n<2: IBERIA_T3
SARDINIA_T1	AFRICA_W_T0	IBERIA_T3	EUROPE_NW_T1	C_reverse	f4(SARDINIA_T1, Africa; IBERIA_T3, EUROPE_NW_T1) [Italy→Iberia?]	PARTIAL	n<2: IBERIA_T3
SARDINIA_T1	AFRICA_W_T0	IBERIA_T3	EUROPE_NW_T5	C_reverse	f4(SARDINIA_T1, Africa; IBERIA_T3, EUROPE_NW_T5) [Italy→Iberia?]	PARTIAL	n<2: IBERIA_T3, EUROPE_NW_T5
SARDINIA_T1	AFRICA_W_T0	IBERIA_T3	EUROPE_NW_T0	C_reverse	f4(SARDINIA_T1, Africa; IBERIA_T3, EUROPE_NW_T0) [Italy→Iberia?]	PARTIAL	n<2: IBERIA_T3
SARDINIA_T1	AFRICA_W_T0	IBERIA_T3	EUROPE_NW_T2	C_reverse	f4(SARDINIA_T1, Africa; IBERIA_T3, EUROPE_NW_T2) [Italy→Iberia?]	PARTIAL	n<2: IBERIA_T3
SARDINIA_T1	AFRICA_W_T0	IBERIA_T3	GREECE_T1	C_reverse	f4(SARDINIA_T1, Africa; IBERIA_T3, GREECE_T1) [Italy→Iberia?]	PARTIAL	n<2: IBERIA_T3
SARDINIA_T1	AFRICA_W_T0	IBERIA_T3	GREECE_T0	C_reverse	f4(SARDINIA_T1, Africa; IBERIA_T3, GREECE_T0) [Italy→Iberia?]	PARTIAL	n<2: IBERIA_T3
SARDINIA_T1	AFRICA_W_T0	IBERIA_T3	GREECE_T2	C_reverse	f4(SARDINIA_T1, Africa; IBERIA_T3, GREECE_T2) [Italy→Iberia?]	PARTIAL	n<2: IBERIA_T3
NORTH_AFRICA_EAST_T0	AFRICA_W_T0	IBERIA_T3	LEVANT_T0	D_nae	f4(NORTH_AFRICA_EAST_T0, Africa; IBERIA_T3, LEVANT_T0) [N.Africa.E control]	PARTIAL	n<2: IBERIA_T3
NORTH_AFRICA_EAST_T0	AFRICA_W_T0	IBERIA_T3	LEVANT_T1	D_nae	f4(NORTH_AFRICA_EAST_T0, Africa; IBERIA_T3, LEVANT_T1) [N.Africa.E control]	PARTIAL	n<2: IBERIA_T3
NORTH_AFRICA_EAST_T0	AFRICA_W_T0	IBERIA_T3	LEVANT_T2	D_nae	f4(NORTH_AFRICA_EAST_T0, Africa; IBERIA_T3, LEVANT_T2) [N.Africa.E control]	PARTIAL	n<2: IBERIA_T3
NORTH_AFRICA_EAST_T0	AFRICA_W_T0	IBERIA_T3	LEVANT_T3	D_nae	f4(NORTH_AFRICA_EAST_T0, Africa; IBERIA_T3, LEVANT_T3) [N.Africa.E control]	PARTIAL	n<2: IBERIA_T3
NORTH_AFRICA_EAST_T0	AFRICA_W_T0	IBERIA_T3	ITALY_T0	D_nae	f4(NORTH_AFRICA_EAST_T0, Africa; IBERIA_T3, ITALY_T0) [N.Africa.E control]	PARTIAL	n<2: IBERIA_T3
NORTH_AFRICA_EAST_T0	AFRICA_W_T0	IBERIA_T3	ITALY_T3	D_nae	f4(NORTH_AFRICA_EAST_T0, Africa; IBERIA_T3, ITALY_T3) [N.Africa.E control]	PARTIAL	n<2: IBERIA_T3
NORTH_AFRICA_EAST_T0	AFRICA_W_T0	IBERIA_T3	ITALY_T1	D_nae	f4(NORTH_AFRICA_EAST_T0, Africa; IBERIA_T3, ITALY_T1) [N.Africa.E control]	PARTIAL	n<2: IBERIA_T3
NORTH_AFRICA_EAST_T0	AFRICA_W_T0	IBERIA_T3	ITALY_T4	D_nae	f4(NORTH_AFRICA_EAST_T0, Africa; IBERIA_T3, ITALY_T4) [N.Africa.E control]	PARTIAL	n<2: IBERIA_T3
NORTH_AFRICA_EAST_T0	AFRICA_W_T0	IBERIA_T3	ITALY_T2	D_nae	f4(NORTH_AFRICA_EAST_T0, Africa; IBERIA_T3, ITALY_T2) [N.Africa.E control]	PARTIAL	n<2: IBERIA_T3
NORTH_AFRICA_EAST_T0	AFRICA_W_T0	IBERIA_T3	AFRICA_W_T2	D_nae	f4(NORTH_AFRICA_EAST_T0, Africa; IBERIA_T3, AFRICA_W_T2) [N.Africa.E control]	PARTIAL	n<2: IBERIA_T3
NORTH_AFRICA_EAST_T0	AFRICA_W_T0	IBERIA_T3	AFRICA_W_T0	D_nae	f4(NORTH_AFRICA_EAST_T0, Africa; IBERIA_T3, AFRICA_W_T0) [N.Africa.E control]	PARTIAL	n<2: IBERIA_T3
NORTH_AFRICA_EAST_T0	AFRICA_W_T0	IBERIA_T3	AFRICA_W_T1	D_nae	f4(NORTH_AFRICA_EAST_T0, Africa; IBERIA_T3, AFRICA_W_T1) [N.Africa.E control]	PARTIAL	n<2: IBERIA_T3
